team,played,pts_won,gf,ga,xg,xga,xg_xP,mkt_xP_played,mkt_var_played,mkt_xP_season,cl_xP,cl_n,cl_mkt,europe,deduction,pts,rating,att,def,mkt_rank,title_odds,releg_odds,top_odds,promo_odds,title_mkt,releg_mkt,top_mkt,promo_mkt,title_model,releg_model,top_model,promo_model,points_line,sd_pts,att_now,def_now,rating_now,pts_vs_mkt,xgxp_vs_mkt,luck,z,cl_rerate,div,gd,pos,rem_games,rem_mkt_ppg,rem_now_ppg,next4_mkt,next4_now,next8_mkt,next4_fix,last4_pts,last4_mkt,last4_xgxp,last4_n,npxg,xgot,xpts_oddalerts,finishing,shot_quality,context,sim_exp_pts,sim_sd,sim_title,sim_releg,sim_top,sim_top2,sim_top4,sim_top6,sim_top7,sim_promo,sim_auto,sim_playoff,sim_bottom,sim_exp_rank,live_title,live_releg,live_promo,live_top4,live_top6
Arsenal,2,6.0,4.0,0.0,3.33,0.62,4.627287535471974,4.3021246385618115,2.5480869143767197,78.00328945547157,4.653476599967842,2,4.3021246385618115,Champions League,0,6.0,0.7039227350241375,0.3519613675120687,0.3519613675120687,1,2.5,151.0,1.0714,,0.3410582830238814,0.0055852271533427,0.82275884940082,,0.3071,0.00055,0.75965,,78.0,13.211734347524686,0.3384815413557372,0.3652613333406565,0.7037428746963937,1.6978753614381885,0.32516289691016276,1.3727124645280258,1.0636498602638305,0.35135196140603053,E0,4.0,2,36,2.047254578247493,2.0415203627438805,8.134092964394856,8.096178018934133,16.531090723250262,Chelsea (H) · Sunderland (A) · Brighton (A) · Leeds (H),6.0,4.3021246385618115,4.627287535471974,2,3.35,3.11,4.65,0.8900000000000001,-0.2200000000000002,,79.687,8.192498458956193,0.4558,0.0,0.9309,0.7198,0.9309,0.984,0.9919,,,,0.0,2.0981,1.8333,1501.0,,1.0303,
Man City,2,6.0,6.0,2.0,4.12,1.19,4.660550728024357,4.200282506772417,2.8971808298348765,75.35693067722181,4.13451565145339,2,4.200282506772417,Champions League,0,6.0,0.627823121945897,0.3139115609729485,0.3139115609729485,2,3.75,9.0,1.25,,0.2273721886825876,0.093707700017195,0.7052030649984308,,0.2337,0.001,0.6885,,75.5,13.277613369816764,0.31153285077045234,0.3224894256984101,0.6340222764688624,1.7997174932275826,0.46026822125193956,1.339449271975643,1.0573445633405538,-0.06576685531902715,E0,4.0,1,36,1.9765735602902608,1.9806777077213036,7.580350190754141,7.575260139630833,15.803082104616061,Coventry (H) · Man Utd (A) · Sunderland (H) · Liverpool (A),6.0,4.200282506772417,4.660550728024357,2,4.8,4.75,4.96,1.25,0.6299999999999999,"[manager] Pep Guardiola left at end of 2025/26 (after 10 years); Enzo Maresca appointed 29 Jun 2026 on 3-year deal. | [deduction] 115 PL charges (Feb 2023): hearing ended Dec 2024, verdict STILL PENDING as of 23 Aug 2026; no timing given by PL. Any sanction would land mid-season.",77.4994,8.408531360469459,0.3164,0.0,0.8847,0.6038,0.8847,0.9739,0.9875,,,,0.0,2.5172,4.0,15.0,,1.25,
Liverpool,2,2.0,4.0,4.0,5.38,3.62,3.602945356999731,3.798310633722494,3.148146211373222,70.25006867735405,3.8631821508237554,2,3.798310633722494,Champions League,0,2.0,0.4850509062051882,0.2425254531025941,0.2425254531025941,3,6.5,151.0,1.4,,0.1311762627014928,0.0055852271533427,0.6296455937485989,,0.1359,0.00275,0.53765,,70.5,13.376911024646134,0.2562202871144489,0.2296123076087576,0.4858325947232065,-1.798310633722494,-0.19536527672276272,-1.6029453569997312,-1.0135315333462298,0.06487151710126149,E0,0.0,13,36,1.8458821678786543,1.8503635511956429,7.513302766424833,7.5251268595207295,14.429087077472165,Ipswich (A) · Fulham (H) · Bournemouth (A) · Man City (H),2.0,3.798310633722494,3.602945356999731,2,4.72,5.09,3.62,-1.0899999999999999,-0.29000000000000004,[manager] Arne Slot sacked 30 May 2026; Andoni Iraola appointed head coach 4 Jun 2026 (from Bournemouth).,68.9022,8.537062443252951,0.0676,0.0001,0.5881,0.2027,0.5881,0.8423,0.9008,,,,0.0,4.418,17.0,251.0,,1.9091,
Man Utd,2,3.0,5.0,4.0,6.51,1.87,4.91220009156047,4.764057217392868,2.2695382647202145,68.78923856281222,4.580031431748863,2,4.764057217392868,Champions League,0,3.0,0.4449730750732771,0.2224865375366385,0.2224865375366385,4,8.0,151.0,1.5333,,0.1065807134449629,0.0055852271533427,0.5749063009509153,,0.1131,0.00375,0.49775,,69.0,13.398685983887104,0.23507586048872628,0.22115895672536431,0.4562348172140906,-1.7640572173928684,0.1481428741676014,-1.9122000915604698,-1.1709649958333863,-0.18402578564400507,E0,1.0,10,36,1.7784772595949816,1.7911573270947894,6.658858109030782,6.760849957256503,13.557227566474037,Everton (A) · Man City (H) · Fulham (A) · Tottenham (H),3.0,4.764057217392868,4.91220009156047,2,5.82,4.07,4.94,0.9299999999999997,-2.4399999999999995,"[other] Michael Carrick (interim since 13 Jan 2026) made permanent head coach 22 May 2026, contract to 2028. Not a summer change but first full season.",67.8222,8.683397213072796,0.0538,0.0,0.5245,0.1656,0.5245,0.7997,0.8691,,,,0.0,4.7732,19.0,251.0,,2.25,
Chelsea,2,6.0,7.0,5.0,5.23,2.91,3.965426437056978,3.7369164341564143,3.250644876710996,67.97774867602004,3.4543443943425864,2,3.7369164341564143,,0,6.0,0.4228250703851325,0.2114125351925662,0.2114125351925662,5,9.0,51.0,1.9091,,0.0947384119510781,0.0165366529442108,0.4617379033303852,,0.10295,0.00455,0.4606,,68.0,13.409522703303304,0.22464204163753565,0.20588879065549545,0.43053083229303113,2.2630835658435857,0.22851000290056378,2.034573562943022,1.2552083727402537,-0.28257203981382784,E0,2.0,4,36,1.7844675622739896,1.7946689688928954,7.256327283056521,7.235317371846326,14.064003276013434,Arsenal (A) · Hull (H) · Brentford (A) · Bournemouth (H),6.0,3.7369164341564143,3.965426437056978,2,5.28,4.25,4.08,2.75,-0.9800000000000004,"[manager] Xabi Alonso appointed (announced 17 May, in post 1 Jul 2026), replacing interim Calum McFarlane who had covered since Maresca's Jan 2026 exit. | [deduction] FA 74-charge (Abramovich-era agent payments) outcome 31 Jul 2026: GBP 10m fine; suspended 6-pt deduction replaced on appeal by a 2-window registration ban suspended until 30 Jun 2027. Separately PL fined GBP 10.75m (Mar 2026) with suspended 1-yr first-team transfer ban and 9-month academy ban.",70.7654,8.577095244894965,0.0966,0.0,0.6558,0.2555,0.6558,0.8823,0.9272,,,,0.0,4.0227,6.5,251.0,,1.4,
Tottenham,2,0.0,0.0,5.0,1.8,5.1,1.6861839405324357,3.2913966499570293,3.3881544326322124,60.82731474796053,2.648891958532556,2,3.2913966499570293,,0,0.0,0.2301262034802527,0.1150631017401263,0.1150631017401263,6,21.0,41.0,4.0,,0.040602176550462,0.0205699829306037,0.2203759578120096,,0.0368,0.0176,0.2603,,61.0,13.466569826655592,0.09909054940107263,0.09116541312486887,0.1902559625259415,-3.2913966499570293,-1.6052127094245936,-1.6861839405324357,-1.7881280837018607,-0.6425046914244734,E0,-5.0,20,36,1.598219947166764,1.5600843642903195,5.993401431520745,5.866028665539855,12.767970723482478,Nott'm Forest (A) · Everton (H) · Aston Villa (H) · Man Utd (A),0.0,3.2913966499570293,1.6861839405324357,2,1.87,1.94,1.74,-1.94,0.1399999999999999,[other] Roberto De Zerbi appointed 31 Mar 2026 (before 1 Jun cutoff); first full season. Reported under pressure after 0 pts from 2 games (sack-race odds 7/1 as of 2 Sep).,56.4615,8.709955094603039,0.0034,0.0089,0.0961,0.0142,0.0961,0.3132,0.4398,,,,0.0007,8.5531,81.0,13.0,,7.0,
Aston Villa,2,0.0,0.0,5.0,0.78,4.48,0.7967971165486923,2.319002891058,3.173301589607124,57.86254307589085,1.7269529341214378,2,2.319002891058,Champions League,0,0.0,0.1508962823930103,0.0754481411965051,0.0754481411965051,7,34.0,51.0,5.0,,0.0250778149282265,0.0165366529442108,0.1763007662496077,,0.0253,0.03075,0.1963,,58.0,13.470170071190472,0.056839581699173795,0.06449278008518373,0.12133236178435752,-2.319002891058,-1.5222057745093078,-0.7967971165486923,-1.3018040413070175,-0.5920499569365623,E0,-5.0,19,36,1.542876116245357,1.5131229229972656,6.821796139236453,6.679529880845474,12.076760305913435,Hull (A) · Nott'm Forest (H) · Tottenham (A) · Brentford (H),0.0,2.319002891058,0.7967971165486923,2,0.76,0.01,0.81,-0.01,-0.77,,54.8107,8.646864490091165,0.0016,0.0146,0.0707,0.0082,0.0707,0.2404,0.3536,,,,0.0007,9.2579,101.0,21.0,,8.0,
Brighton,2,3.0,7.0,4.0,4.59,3.72,3.2703981174064136,2.2644127531072606,3.053276322882965,53.42369466977223,2.6128696292569527,2,2.2644127531072606,Conference League,0,3.0,0.0321344825396586,0.0160672412698293,0.0160672412698293,8,151.0,23.0,13.0,,0.0056466603149649,0.036668230441511,0.0678079870190798,,0.01095,0.0603,0.1173,,53.5,13.45374866009416,0.034510854655090586,0.013295939064028353,0.04780679371911894,0.7355872468927394,1.005985364299153,-0.2703981174064136,0.420969989130914,0.348456876149692,E0,3.0,9,36,1.4210911643518047,1.4367606295803579,5.857990049820963,5.925518798347315,10.74822490318257,Leeds (H) · Coventry (A) · Arsenal (H) · Sunderland (A),3.0,2.2644127531072606,3.2703981174064136,2,4.45,5.64,3.24,1.3600000000000003,1.0499999999999998,,55.2791,8.865348452824753,0.0021,0.0129,0.079,0.0111,0.079,0.2614,0.3776,,,,0.0009,9.126,101.0,26.0,,7.0,
Newcastle,2,4.0,4.0,2.0,2.15,4.79,1.4646736595455534,2.02649845529044,3.002545213385905,51.679804323602305,2.2013361265527864,2,2.02649845529044,,0,4.0,-0.0147471531099309,-0.0073735765549654,-0.0073735765549654,9,151.0,11.0,15.0,,0.0056466603149649,0.076669936377705,0.0587669220832025,,0.0081,0.07325,0.09395,,52.0,13.44014911605501,-0.011189067264794347,-0.01892905408108152,-0.030118121345875867,1.9735015447095599,-0.5618247957448868,2.5353263404544464,1.1389186186945985,0.17483767126234628,E0,2.0,6,36,1.3792584963419963,1.3631662114090295,6.9141446899637975,6.842182166947055,12.64879861813176,Bournemouth (H) · Leeds (A) · Hull (H) · Coventry (A),4.0,2.02649845529044,1.4646736595455534,2,2.21,2.43,1.47,1.5699999999999998,0.28000000000000025,"[manager] Eddie Howe resigned early Aug 2026; Matthias Jaissle appointed 6 Aug 2026 (GBP 9.5m compensation to Al Ahli, 4-year deal). Only 2 weeks before season start.",53.5359,8.710953517841817,0.0011,0.021,0.0515,0.0066,0.0515,0.194,0.2952,,,,0.0026,9.8365,151.0,21.0,,9.0,
Everton,2,4.0,3.0,1.0,2.59,4.45,1.7363294548837787,2.8526625184812486,3.3435090236095535,49.21764055678613,2.6557273322126393,2,2.8526625184812486,,0,4.0,-0.0813191859188152,-0.0406595929594076,-0.0406595929594076,10,251.0,10.0,21.0,,0.0033969948508354,0.0843369300154755,0.0419763729165732,,0.00445,0.10135,0.06565,,49.5,13.414073769792914,-0.045535627141180236,-0.05538753033758396,-0.1009231574787642,1.1473374815187514,-1.11633306359747,2.2636705451162213,0.6274656151422866,-0.19693518626860929,E0,2.0,7,36,1.2879160566195802,1.2690282372937551,5.817037486084898,5.7742713997728226,10.492691233687033,Man Utd (H) · Tottenham (A) · Ipswich (H) · Hull (A),4.0,2.8526625184812486,1.7363294548837787,2,2.62,2.83,1.81,0.16999999999999993,0.2400000000000002,,50.1286,8.567348600354556,0.0006,0.0416,0.0259,0.0039,0.0259,0.1032,0.1717,,,,0.0035,11.2274,201.0,11.0,,17.0,
Bournemouth,2,1.0,2.0,3.0,3.23,3.2699999999999996,2.674027475222394,2.1132869370657636,2.7447827598163705,48.75518659211294,2.218127631967377,2,2.1132869370657636,Europa League,0,1.0,-0.093884896402162,-0.046942448201081,-0.046942448201081,11,201.0,10.0,21.0,,0.0042420184455706,0.0843369300154755,0.0419763729165732,,0.0042,0.10745,0.06,,49.0,13.40827688442932,-0.040818571291305346,-0.04281024600873826,-0.08362881730004361,-1.1132869370657636,0.5607405381566304,-1.674027475222394,-0.671975013396474,0.10484069490161341,E0,-1.0,14,36,1.2956083237513105,1.3047605121341332,4.386389665551338,4.383523474231102,10.059788506232326,Newcastle (A) · Brentford (H) · Liverpool (H) · Chelsea (A),1.0,2.1132869370657636,2.674027475222394,2,3.23,3.9,2.68,-1.9,0.6699999999999999,[manager] Andoni Iraola left at end of contract (24 May) for Liverpool; Marco Rose appointed head coach 1 Jun 2026.,48.4043,8.692654457068963,0.0,0.0676,0.0177,0.0016,0.0177,0.0751,0.1288,,,,0.0094,11.9962,251.0,13.0,,17.0,
Brentford,2,4.0,4.0,1.0,6.0,1.6400000000000001,4.709194041180568,2.493168054569723,3.301129705698518,48.70923539105593,3.08102346510932,2,2.493168054569723,,0,4.0,-0.095134679145448,-0.047567339572724,-0.047567339572724,12,251.0,9.0,26.0,,0.0033969948508354,0.093707700017195,0.0339039935095399,,0.00425,0.10925,0.0619,,49.0,13.40768532847028,-0.016911118651111053,-0.03299783547416144,-0.04990895412527249,1.5068319454302772,2.2160259866108456,-0.7091940411805684,0.8293417417963462,0.5878554105395972,E0,3.0,5,36,1.283779648235728,1.3265159260531727,4.917256538141671,5.097683977973181,10.434601138266228,Sunderland (H) · Bournemouth (A) · Chelsea (H) · Aston Villa (A),4.0,2.493168054569723,4.709194041180568,2,4.97,3.52,4.7,0.48,-2.48,,52.3702,8.692235153284749,0.001,0.0278,0.0413,0.0045,0.0413,0.1535,0.2371,,,,0.0026,10.3949,101.0,34.0,,6.0,
Nott'm Forest,2,1.0,2.0,3.0,3.29,2.62,3.1206704060519463,2.2635471409831824,2.8582230661246415,47.773063044697615,2.113156275323653,2,2.2635471409831824,,0,1.0,-0.1206468616980488,-0.0603234308490244,-0.0603234308490244,13,501.0,9.0,29.0,,0.0017018876398397,0.093707700017195,0.0303966838361392,,0.0038,0.1189,0.05445,,48.0,13.395020764416952,-0.05460316384221424,-0.05130524924488433,-0.10590841308709857,-1.2635471409831824,0.8571232650687639,-2.1206704060519463,-0.7473833001507845,-0.15039086565952964,E0,-1.0,15,36,1.2641532195476233,1.277983187831027,5.313010607983094,5.42327148079776,9.691254046997031,Tottenham (H) · Aston Villa (A) · Coventry (H) · Crystal Palace (A),1.0,2.2635471409831824,3.1206704060519463,2,2.37,2.18,3.01,-0.18000000000000016,-1.1099999999999999,[manager] Vitor Pereira sacked late June/early July 2026 despite Europa League semi-final; Oliver Glasner appointed 6 Jul 2026.,47.5479,8.593643324574291,0.0,0.0838,0.0131,0.0012,0.0131,0.0578,0.1002,,,,0.0116,12.4289,501.0,8.0,,26.0,
Leeds,2,4.0,2.0,1.0,1.87,2.72,2.109320556007815,2.603918131207978,3.3118995241658307,45.79271039114303,2.5640523852228725,2,2.603918131207978,,0,4.0,-0.174964895877093,-0.0874824479385465,-0.0874824479385465,14,501.0,6.5,29.0,,0.0017018876398397,0.1297491231007315,0.0303966838361392,,0.00325,0.15315,0.0412,,46.0,13.364374526308628,-0.09723693778793417,-0.08323261104804673,-0.1804695488359809,1.396081868792022,-0.4945975752001628,1.8906794439921848,0.7671359059728265,-0.039865745985105505,E0,1.0,8,36,1.1996886738870847,1.1956548574591164,4.419613578566227,4.402327616458153,8.92362440854799,Brighton (A) · Newcastle (H) · Crystal Palace (H) · Arsenal (A),4.0,2.603918131207978,2.109320556007815,2,1.86,1.51,2.21,0.49,-0.3600000000000001,,47.4075,8.483339186310983,0.0,0.0833,0.0112,0.0009,0.0112,0.0559,0.0995,,,,0.0103,12.5212,351.0,11.0,,21.0,
Crystal Palace,2,0.0,1.0,6.0,2.41,3.44,2.095235691373313,1.8766157458852264,2.834632264899591,45.26864313267348,2.010935867440228,2,1.8766157458852264,Europa League,0,0.0,-0.1894284449075896,-0.0947142224537948,-0.0947142224537948,15,501.0,7.0,34.0,,0.0017018876398397,0.1204813285935364,0.0259265832720011,,0.0026,0.1633,0.0381,,45.5,13.355386139318606,-0.09468802671085576,-0.09159168026186881,-0.18627970697272456,-1.8766157458852264,0.2186199454880866,-2.095235691373313,-1.1146204143382061,0.13432012155500161,E0,-5.0,18,36,1.2053340940774515,1.207523010751707,5.73878209110173,5.750939761077268,9.816270075352605,Fulham (A) · Ipswich (H) · Leeds (A) · Nott'm Forest (H),0.0,1.8766157458852264,2.095235691373313,2,2.3,1.1,1.84,-0.10000000000000009,-1.31,[manager] Oliver Glasner left at end of contract (27 May); Pierre Sage appointed 15 Jun 2026.,43.8282,8.41815209888731,0.0,0.1662,0.0035,0.0002,0.0035,0.0248,0.045,,,,0.0296,14.0176,1501.0,3.75,,67.0,
Fulham,2,0.0,2.0,4.0,2.25,3.0,2.163058572346781,2.1842889516995685,3.082568211763114,44.32272424494638,2.2118252134732073,2,2.1842889516995685,,0,0.0,-0.2156395793684475,-0.1078197896842237,-0.1078197896842237,16,501.0,6.5,34.0,,0.0017018876398397,0.1297491231007315,0.0259265832720011,,0.00205,0.1804,0.03435,,44.5,13.338229320501664,-0.11127131107723498,-0.1032115324597717,-0.2144828435370067,-2.1842889516995685,-0.021230379352787487,-2.163058572346781,-1.2440955633253448,0.02753626177363877,E0,-2.0,16,36,1.170512091479078,1.1713954409551572,4.52554523095394,4.522459588625879,10.309516412642521,Crystal Palace (H) · Liverpool (A) · Man Utd (H) · Ipswich (A),0.0,2.1842889516995685,2.163058572346781,2,2.17,0.95,1.97,1.05,-1.3,"[manager] Marco Silva left at end of contract (2 Jun, joined Benfica); Alvaro Arbeloa appointed 7 Jul 2026 on 3-year deal.",42.5485,8.409604494267258,0.0,0.2105,0.0029,0.0002,0.0029,0.0174,0.0341,,,,0.0393,14.551,1501.0,3.5,,67.0,
Sunderland,2,3.0,2.0,2.0,2.05,2.09,2.6835123213828056,2.9213223341797248,3.425425802890355,42.25181391329927,2.9777492962173913,2,2.9213223341797248,Europa League,0,3.0,-0.2735470951425419,-0.1367735475712709,-0.1367735475712709,17,501.0,3.75,41.0,,0.0017018876398397,0.224898480041268,0.0215000934450741,,0.0012,0.2303,0.02385,,42.5,13.296461101016211,-0.14743725966933738,-0.1293671091408219,-0.27680436881015924,0.07867766582027524,-0.23781001279691916,0.3164876786171944,0.04251030143790069,0.056426962037666506,E0,0.0,11,36,1.0925136549755432,1.089327218873339,3.396670741410326,3.3371127359493995,8.166750749972293,Brentford (A) · Arsenal (H) · Man City (A) · Brighton (H),3.0,2.9213223341797248,2.6835123213828056,2,2.24,1.45,2.87,0.55,-0.5999999999999999,,42.4968,8.368356455123049,0.0,0.2133,0.003,0.0,0.003,0.0192,0.0354,,,,0.0345,14.5995,1001.0,3.5,,67.0,
Coventry,2,0.0,0.0,4.0,1.3699999999999999,2.63,2.068557859701126,2.1444940339482645,2.2167034557899914,34.38815735525337,2.24595064899436,2,2.1444940339482645,,0,0.0,-0.5022127358388162,-0.2511063679194081,-0.2511063679194081,18,1001.0,1.5714,81.0,,0.000851793913646,0.5366993128132589,0.0108827633487412,,0.00025,0.44185,0.0043,,34.0,13.084577692586068,-0.2634113428738404,-0.23704041973251005,-0.5004517626063505,-2.1444940339482645,-0.0759361742471385,-2.068557859701126,-1.4403599702907903,0.1014566150460956,E0,-4.0,17,36,0.8956573144806972,0.8988424179919517,3.2860202075648104,3.285625197996365,7.255501455491704,Man City (A) · Brighton (H) · Nott'm Forest (A) · Newcastle (H),0.0,2.1444940339482645,2.068557859701126,2,1.37,1.23,2.08,-1.23,-0.1399999999999999,[other] Frank Lampard under pressure: lost opening 2 games without scoring after GBP 120m+ summer spend (favourite in sack-race odds 2 Sep). No change yet.,32.8584,8.066011991064743,0.0,0.672,0.0001,0.0,0.0001,0.0008,0.0019,,,,0.2596,17.8142,2001.0,1.4444,,251.0,
Ipswich,2,3.0,4.0,6.0,2.27,5.24,1.8490757669649904,1.720021544495964,2.4520746956780686,33.64066257590087,1.8346579527251923,2,1.720021544495964,,0,3.0,-0.524882257340434,-0.262441128670217,-0.262441128670217,19,1001.0,1.6154,81.0,,0.000851793913646,0.5220807850407051,0.0108827633487412,,5e-05,0.4592,0.0038,,33.5,13.05997919156506,-0.2626174068679664,-0.27239615816521173,-0.5350135650331782,1.279978455504036,0.12905422246902654,1.1509242330350096,0.8174022181138613,0.11463640822922838,E0,-2.0,12,36,0.8866844730945806,0.876863706505409,3.5603852936897353,3.5305278089629004,7.631508074387931,Liverpool (H) · Crystal Palace (A) · Everton (A) · Fulham (H),3.0,1.720021544495964,1.8490757669649904,2,2.31,3.61,1.88,0.3900000000000001,1.3399999999999999,[manager] Kieran McKenna resigned 10 Jun 2026; Gary O'Neil appointed 23 Jun 2026.,35.1508,7.864150263060839,0.0,0.5699,0.0,0.0,0.0,0.001,0.0031,,,,0.1713,17.2394,1501.0,2.2,,101.0,
Hull,2,6.0,3.0,0.0,1.54,3.3600000000000003,1.4853051374569923,1.3837486589530785,2.2529334977732427,24.803529333130975,1.3686545869127058,2,1.3837486589530785,,0,6.0,-0.811344092297227,-0.4056720461486135,-0.4056720461486135,20,1001.0,1.2,101.0,,0.000851793913646,0.7028077501289626,0.0087277607054261,,0.0,0.74035,0.0004,,25.0,12.70860872948345,-0.4106737339444635,-0.395095520348085,-0.8057692542925485,4.6162513410469215,0.1015564785039138,4.514694862543008,3.07549666650198,-0.015094072040372719,E0,3.0,3,36,0.6505494631716082,0.6564725417787041,2.3521099023949192,2.416983299310057,5.336852202267609,Aston Villa (H) · Chelsea (A) · Newcastle (A) · Everton (H),6.0,1.3837486589530785,1.4853051374569923,2,1.54,1.37,1.5,1.63,-0.16999999999999993,,30.284,7.185063952394463,0.0,0.8065,0.0,0.0,0.0,0.0001,0.0005,,,,0.4234,18.607,1501.0,1.4,,251.0,
West Ham,4,5.0,8.0,7.0,8.129999999999999,5.75,6.643774540628573,7.212770030002623,6.277013521394355,85.27427321338921,7.212482861115047,4,7.212770030002623,,0,5.0,0.5219753604277247,0.2609876802138623,0.2609876802138623,1,2.75,67.0,,1.5,0.2714870668387801,0.0121114060083747,,0.5463573650101856,0.2938,0.0035,0.75645,0.5269125,,15.796652812387842,0.2675218625198519,0.2510950517847391,0.518616914304591,-2.2127700300026234,-0.5689954893740508,-1.6437745406285726,-0.8832013995601814,-0.0002871688875760725,E1,1.0,12,42,1.8586072186520617,1.8575594726331797,7.434330631590667,7.4329118907207095,15.142133155891054,Derby (H) · Bolton (A) · Wrexham (H) · Millwall (A),5.0,7.212770030002623,6.643774540628573,4,6.4,8.01,6.52,-0.009999999999999787,-0.11999999999999922,,83.4394,9.15752846787823,0.4541,0.0001,0.9105,0.6524,0.8293,0.9105,0.9314,0.716925,0.6524,0.2581,0.0,2.7542999999999997,3.0,251.0,1.4,,
Wolves,4,7.0,11.0,8.0,6.82,4.34,7.139692713904428,6.3493076747586725,6.328375289234484,76.05847201885003,6.841128725020103,4,6.3493076747586725,,0,7.0,0.3084683612094257,0.1542341806047128,0.1542341806047128,2,6.0,51.0,,2.5,0.1244315723011075,0.0159110627953157,,0.3278144190061114,0.1222,0.01585,0.544,0.3098125,,15.885156528683224,0.15569520601412357,0.16324191975058866,0.3189371257647122,0.6506923252413275,0.7903850391457556,-0.13969271390442817,0.25866017754513204,0.4918210502614304,E1,3.0,4,42,1.659742008192651,1.6677310140226993,5.845968881454326,5.871825421114321,13.001302594783763,Birmingham (A) · Sheffield United (A) · West Brom (H) · Middlesbrough (A),7.0,6.3493076747586725,7.139692713904428,4,5.51,8.44,7.33,2.5600000000000005,1.6199999999999992,[manager] Rob Edwards sacked 11 Jun 2026 after relegation; Cesar Peixoto (ex-Gil Vicente) appointed 15/16 Jun 2026 on 2-year deal.,77.5735,9.422547306859443,0.1912,0.001,0.7566,0.3872,0.6217,0.7566,0.8072,0.47955,0.3872,0.3694,0.0002,4.6480999999999995,5.0,201.0,2.625,,
Middlesbrough,4,7.0,7.0,5.0,7.529999999999999,4.05,7.516594556905886,6.392769391735282,6.417512183031914,70.79200286195616,7.152254320797035,4,6.392769391735282,,0,7.0,0.1880611692188439,0.0940305846094219,0.0940305846094219,3,10.0,41.0,,3.75,0.0746589433806645,0.0197918098185635,,0.2185429460040742,0.07085,0.0383,0.40765,0.212425,,15.897548837288026,0.10178715387501383,0.10542627858475448,0.2072134324597683,0.6072306082647181,1.1238251651706044,-0.5165945569058863,0.23970125271242146,0.7594849290617534,E1,2.0,5,42,1.5333150826243067,1.5505433878857953,5.950298685492998,5.961820923657877,12.202384829373223,QPR (A) · Norwich (H) · Millwall (H) · Birmingham (A),7.0,6.392769391735282,7.516594556905886,4,7.18,6.6,7.46,0.40000000000000036,-0.9299999999999997,,72.7951,9.579765967391847,0.0872,0.0072,0.5792,0.2044,0.4217,0.5792,0.6391,0.29810000000000003,0.2044,0.3748,0.0007,6.7241,9.0,201.0,2.75,,
Burnley,4,2.0,5.0,10.0,5.48,6.87,4.605874742665317,5.372153813414908,6.565490917095914,70.68920302127528,4.854592873768215,4,5.372153813414908,,0,2.0,0.1857137783454462,0.0928568891727231,0.0928568891727231,4,11.0,41.0,,3.75,0.067871766709695,0.0197918098185635,,0.2185429460040742,0.06745,0.0386,0.3982,0.2048875,,15.897516973294122,0.0895396153482644,0.08403092543023614,0.17357054077850054,-3.372153813414908,-0.766279070749591,-2.605874742665317,-1.3160541935279586,-0.5175609396466925,E1,-5.0,23,42,1.5551678382823897,1.544319184859178,6.119759209548551,6.101311705591486,12.621492328466518,Bristol City (H) · Wrexham (A) · Swansea (A) · Derby (H),2.0,5.372153813414908,4.605874742665317,4,5.32,4.45,4.88,0.5499999999999998,-1.0300000000000002,[manager] Scott Parker left by mutual consent end of April 2026 after relegation; Mike Jackson interim to 24 May; Nicky Hayen (from Genk) appointed 10 Jul 2026 on 3-year deal after ~10-week search.,67.3856,9.402505657536265,0.0277,0.0235,0.3488,0.0777,0.2075,0.3488,0.4171,0.14547500000000002,0.0777,0.2711,0.0037,9.575,21.0,41.0,5.0,,
Southampton,4,7.0,10.0,5.0,8.14,5.0,7.21967621607816,5.798702465452248,6.607943854524572,68.44925657955635,6.683698008328005,4,5.798702465452248,,-4,3.0,0.1345518541354556,0.0672759270677278,0.0672759270677278,5,13.0,34.0,,5.0,0.057429956446665,0.0238665941929736,,0.1639072095030557,0.05055,0.04795,0.34555,0.1684375,,15.894228581090733,0.08600694524959912,0.0730296673393771,0.15903661258897622,1.2012975345477521,1.4209737506259117,-0.21967621607815957,0.46732327721470523,0.8849955428757568,E1,5.0,18,42,1.4916798598596215,1.5155904747035005,6.2715274463694595,6.347601228885516,11.991088695422441,Lincoln (A) · Swansea (H) · Bristol City (H) · Wrexham (A),7.0,5.798702465452248,7.21967621607816,4,6.89,9.03,7.01,0.9700000000000006,0.8899999999999988,"[deduction] -4 points for 2026/27 (EFL, 19 May 2026; appeal rejected 20 May) for filming Middlesbrough, Oxford and Ipswich training; also expelled from 2026 play-off final. Head coach Tonda Eckert charged by FA 22 Jul 2026 (3 x E3.1), hearing expected mid-Sep; still in post.",67.1588,9.581502103532658,0.0287,0.0263,0.3472,0.0784,0.2078,0.3472,0.4106,0.1456,0.0784,0.2688,0.0049,9.7202,13.0,151.0,4.3333,,
Birmingham,4,6.0,5.0,4.0,5.82,4.96,6.105717152930294,5.667796588805977,6.569421257699853,68.39790677366504,5.56753923183305,4,5.667796588805977,,0,6.0,0.1333783907441876,0.0666891953720938,0.0666891953720938,6,13.0,41.0,,5.0,0.057429956446665,0.0197918098185635,,0.1639072095030557,0.05095,0.04975,0.3499,0.16915,,15.894095081414488,0.06433227130433042,0.07383949624635296,0.1381717675506834,0.33220341119402264,0.43792056412431624,-0.1057171529302936,0.12961060323135548,-0.1002573569729277,E1,1.0,8,42,1.493574052020454,1.4970994567669111,5.363579989752555,5.384818569565565,11.781102485729232,Wolves (H) · Norwich (A) · Derby (A) · Middlesbrough (H),6.0,5.667796588805977,6.1057171529302945,4,5.19,4.32,6.3,0.6799999999999997,-1.5,,69.4275,9.500365453496999,0.0452,0.0135,0.4278,0.1159,0.273,0.4278,0.4979,0.19387500000000002,0.1159,0.3119,0.002,8.528400000000001,17.0,151.0,5.0,,
Norwich,4,3.0,5.0,7.0,6.91,6.549999999999999,6.315310590245556,5.534306702903478,6.565379964007542,66.90081840153402,6.431449672353532,4,5.534306702903478,,0,3.0,0.099145527575131,0.0495727637875655,0.0495727637875655,7,15.0,29.0,,5.5,0.049772628920443,0.027981524226245,,0.149006554093687,0.04405,0.05925,0.3166,0.15235,,15.889059224814256,0.05848653092486605,0.0423933661152869,0.10087989704015295,-2.5343067029034776,0.7810038873420782,-3.3153105902455557,-0.9890750336912467,0.8971429694500541,E1,-2.0,20,42,1.4611074213959652,1.463291091018649,5.656435492266976,5.66361686752246,11.757897476234351,Sheffield United (A) · Birmingham (H) · Middlesbrough (A) · Bolton (H),3.0,5.534306702903478,6.315310590245557,4,7.11,6.79,6.07,-1.79,-0.1200000000000001,,64.9296,9.548133002844027,0.0167,0.0419,0.2563,0.0495,0.1458,0.2563,0.3121,0.10120000000000001,0.0495,0.2068,0.0079,11.0877,26.0,21.0,9.0,,
Sheffield United,4,6.0,5.0,4.0,5.6,6.02,5.212715219820231,6.132636133680376,6.618276465649857,66.27180624516106,6.376726986532941,4,6.132636133680376,,0,6.0,0.0847472732825558,0.0423736366412779,0.0423736366412779,8,17.0,23.0,,5.5,0.0439170255180379,0.0352810522852654,,0.149006554093687,0.0408,0.06445,0.3003,0.142875,,15.886283919272708,0.0347799001480404,0.03674996210004252,0.07152986224808291,-0.13263613368037586,-0.9199209138601452,0.7872847801797693,-0.05155720924637342,0.24409085285256538,E1,1.0,9,42,1.431885002654302,1.4199210944923633,5.446610177385628,5.4404659167331415,11.6281672757368,Norwich (H) · Blackburn (A) · Wolves (H) · Stoke (A),6.0,6.132636133680376,5.212715219820231,4,4.65,5.25,4.98,-0.25,-0.34999999999999964,,65.96,9.31453702553167,0.0202,0.0288,0.2837,0.0549,0.1647,0.2837,0.3527,0.1121,0.0549,0.2288,0.005,10.5048,34.0,4.0,9.0,,
Wrexham,4,5.0,6.0,4.0,6.48,3.75,7.481700565944784,5.829061218551857,6.61057888077362,65.83912593247724,5.91567593470371,4,5.829061218551857,,0,5.0,0.0748367009384514,0.0374183504692257,0.0374183504692257,9,19.0,23.0,,6.0,0.0392941807266655,0.0352810522852654,,0.1365893412525464,0.03615,0.0681,0.28675,0.1331875,,15.88414846701391,0.0402146565836062,0.055452700571675874,0.09566735715528207,-0.8290612185518569,1.6526393473929275,-2.4817005659447844,-0.3224533212335595,0.08661471615185334,E1,2.0,11,42,1.4288110646172711,1.4480850477120812,5.0315878080476,5.066491294163089,11.017678021818469,Swansea (A) · Burnley (H) · West Ham (A) · Southampton (H),5.0,5.829061218551857,7.481700565944785,4,6.5,5.49,7.6,0.5099999999999998,-0.9900000000000002,,66.3423,9.448340103425588,0.0235,0.0268,0.2987,0.0648,0.1775,0.2987,0.36,0.123275,0.0648,0.2339,0.0045,10.3242,34.0,26.0,9.0,,
Millwall,4,6.0,6.0,8.0,8.41,5.78,6.497756005321138,5.415322098764066,6.53459914799172,65.5441360272856,5.19568060222199,4,5.415322098764066,,0,6.0,0.0680766381725205,0.0340383190862602,0.0340383190862602,10,26.0,21.0,,8.0,0.0287149782233325,0.0386411525029097,,0.1024420059394098,0.0367,0.0692,0.2788,0.129925,,15.882586809382488,0.05814080469703763,0.03527726815554121,0.09341807285257885,0.584677901235934,1.082433906557072,-0.49775600532113806,0.22872161212361414,-0.2196414965420761,E1,-2.0,10,42,1.4316384268695603,1.4573532292958564,5.379160249479401,5.48992332579523,11.729837752586578,Bolton (H) · Blackburn (A) · Middlesbrough (A) · West Ham (H),6.0,5.415322098764066,6.497756005321138,4,8.29,5.6,6.49,0.40000000000000036,-2.8100000000000005,,67.619,9.505905480279107,0.0306,0.0206,0.3446,0.0804,0.2079,0.3446,0.4094,0.14645,0.0804,0.2642,0.0032,9.6245,17.0,51.0,5.5,,
Stoke,4,3.0,4.0,9.0,2.67,6.75,2.8074472196287403,5.148482419504909,6.296309677043998,64.10633781894973,4.257280334981592,4,5.148482419504909,,0,3.0,0.0350837157187577,0.0175418578593788,0.0175418578593788,11,34.0,17.0,,9.0,0.0219585127590189,0.0477331883859473,,0.0910595608350309,0.02795,0.08165,0.25595,0.1148749999999999,,15.873748062393927,-0.011037855354726412,0.012424719894097998,0.0013868645393715854,-2.1484824195049086,-2.3410351998761683,0.19255278037125967,-0.8562266955992326,-0.8912020845233162,E1,-5.0,22,42,1.4037584618915435,1.3720098427485692,6.0443728546103195,5.937114978190776,11.666870760586123,Charlton (H) · Cardiff (A) · Watford (A) · Sheffield United (H),3.0,5.148482419504909,2.80744721962874,4,2.85,2.6,2.8,1.4,-0.06999999999999984,,61.1718,9.482345952347488,0.0067,0.0867,0.1432,0.021,0.0708,0.1432,0.1864,0.05155,0.021,0.1222,0.0173,13.4504,81.0,9.0,26.0,,
Derby,4,4.0,5.0,7.0,5.01,7.99,3.963091182370836,6.112344557588045,6.6356258293978465,62.97525524501555,5.416595700210756,4,6.112344557588045,,0,4.0,0.0090688065322213,0.0045344032661106,0.0045344032661106,12,29.0,9.0,,8.5,0.0257444632347119,0.0901626891734561,,0.0964160055900327,0.02535,0.0913,0.23245,0.1041625,,15.86536414220689,-0.008435464231476694,-0.019909101381291146,-0.02834456561276784,-2.1123445575880453,-2.149253375217209,0.03690881762916387,-0.8200188119753502,-0.6957488573772892,E1,-2.0,16,42,1.3538788258911312,1.3193732896188588,4.748889052515393,4.624888033676294,10.138168334221856,West Ham (A) · West Brom (H) · Birmingham (H) · Burnley (A),4.0,6.112344557588045,3.9630911823708366,4,5.06,5.5,4.03,-0.5,0.4900000000000002,,60.0585,9.406246740863237,0.0046,0.102,0.1153,0.0159,0.0544,0.1153,0.1507,0.04075,0.0159,0.0994,0.0251,14.0903,67.0,9.0,17.0,,
West Brom,4,7.0,7.0,6.0,5.8,6.069999999999999,5.468036756586487,5.25382107253091,6.288447794226453,62.421636158158705,5.187737594429806,4,5.25382107253091,,0,7.0,-0.0036868708622733,-0.0018434354311366,-0.0018434354311366,13,41.0,13.0,,10.0,0.0182094983855279,0.0624203232739311,,0.0819536047515278,0.02355,0.1,0.2145,0.095025,,15.860801425460638,-0.0017819320069576857,-0.0017941478865135755,-0.003576079893471261,1.7461789274690904,0.21421568405557778,1.5319632434135126,0.6963330571830759,-0.06608347810110349,E1,1.0,7,42,1.3611384544197094,1.3611379626038644,5.3384136319616635,5.345195119771494,10.850575044213077,Watford (H) · Derby (A) · QPR (H) · Wolves (A),7.0,5.25382107253091,5.468036756586487,4,5.58,6.96,5.7,0.040000000000000036,1.1600000000000001,,64.6686,9.497987894285778,0.0157,0.0433,0.2359,0.0448,0.129,0.2359,0.2918,0.09257499999999999,0.0448,0.1911,0.008,11.4206,26.0,17.0,10.0,,
Bristol City,4,7.0,7.0,6.0,4.1,8.18,3.3033462716490303,5.469147298622989,6.503011688285511,61.881877428382,5.273167826855628,4,5.469147298622989,,0,7.0,-0.016138820705761,-0.0080694103528805,-0.0080694103528805,14,41.0,13.0,,11.0,0.0182094983855279,0.0624203232739311,,0.0745032770468435,0.02165,0.10415,0.206,0.0909125,,15.856062449382916,-0.025012545065254205,-0.02987788819735508,-0.054890433262609284,1.530852701377011,-2.1658010269739587,3.6966537283509697,0.6003107736312883,-0.19597947176736064,E1,1.0,6,42,1.3431602411847383,1.3073882982346976,5.512977517566956,5.371095326823244,11.146578909171154,Burnley (A) · Southampton (A) · Lincoln (H) · Watford (H),7.0,5.469147298622989,3.3033462716490307,4,4.11,5.11,3.33,1.8899999999999997,1.0100000000000007,"[other] Michael Skubala appointed 29 May 2026 (from Lincoln), replacing interim Roy Hodgson. Just before 1 Jun cutoff.",62.3411,9.364259222703968,0.0081,0.0685,0.163,0.0258,0.086,0.163,0.2073,0.0601,0.0258,0.1372,0.0134,12.8339,51.0,15.0,17.0,,
Swansea,4,10.0,7.0,1.0,7.68,4.640000000000001,6.9432166256525365,5.145495746707502,6.4131656410099716,59.49594413257727,5.571344933262439,4,5.145495746707502,,0,10.0,-0.0713927211984836,-0.0356963605992418,-0.0356963605992418,15,51.0,7.5,,13.0,0.0146390085060126,0.1081952270081473,,0.0630412344242521,0.0158,0.13285,0.17045,0.0703625,,15.83167830152557,-0.017175656588952086,-0.022590329455078887,-0.039765986044030976,4.854504253292498,1.797720878945034,3.0567833743474635,1.9169406075266175,0.4258491865549363,E1,6.0,1,42,1.2940582949016612,1.3217599394363344,5.1421070288376,5.218039682763131,9.794759089483943,Wrexham (H) · Southampton (A) · Burnley (H) · Lincoln (A),10.0,5.145495746707502,6.9432166256525365,4,7.53,7.39,7.16,-0.3899999999999997,-0.29000000000000004,,66.0673,9.25894004246715,0.0186,0.0272,0.2726,0.0564,0.1565,0.2726,0.3366,0.11044999999999999,0.0564,0.2162,0.0037,10.6453,21.0,21.0,8.0,,
Watford,4,5.0,4.0,5.0,4.5,7.5600000000000005,3.813653132676114,4.494450112501476,6.138259593150469,58.46230306044893,3.8135583535971795,4,4.494450112501476,,0,5.0,-0.0954529727040658,-0.0477264863520329,-0.0477264863520329,16,51.0,6.5,,15.0,0.0146390085060126,0.1248406465478623,,0.0546357365010185,0.0141,0.1454,0.1536,0.064125,,15.819374216487043,-0.05427006085098679,-0.055995539708296155,-0.11026560055928294,0.5055498874985238,-0.6807969798253621,1.186346867323886,0.2040522521338409,-0.6808917589042967,E1,-1.0,14,42,1.2849488797130346,1.2725951571010545,5.244038051626477,5.2454472085873896,10.374597743207623,West Brom (A) · Preston (H) · Stoke (H) · Bristol City (A),5.0,4.494450112501476,3.813653132676114,4,4.57,5.12,3.76,-1.12,0.6200000000000001,[manager] Edward Still sacked 3 May; Alessio Dionisi appointed 15/16 Jun 2026 (12th head coach in 5 years).,59.0341,9.349338863791306,0.0038,0.126,0.0923,0.0114,0.0406,0.0923,0.1268,0.031625,0.0114,0.0809,0.0297,14.8251,81.0,7.0,21.0,,
QPR,4,10.0,7.0,3.0,7.9,3.74,8.169440704412727,5.694932795869818,6.520420110625433,57.81650679175268,6.119337506210466,4,5.694932795869818,,0,10.0,-0.1105281267385943,-0.0552640633692971,-0.0552640633692971,17,67.0,6.5,,15.0,0.0111431258777111,0.1248406465478623,,0.0546357365010185,0.01085,0.15785,0.142,0.0571,,15.81115265318336,-0.038293365506524096,-0.03673794851135706,-0.07503131401788116,4.305067204130182,2.4745079085429094,1.830559295587273,1.6859401225874617,0.4244047103406485,E1,4.0,2,42,1.2409898570448301,1.2734411575986695,5.286062682536774,5.397319013842718,9.846808315228964,Middlesbrough (H) · Charlton (A) · West Brom (A) · Preston (H),10.0,5.694932795869818,8.169440704412725,4,8.0,8.03,8.15,-1.0299999999999994,0.129999999999999,,63.88,9.336948109526972,0.0121,0.0452,0.2044,0.0375,0.111,0.2044,0.2551,0.07922499999999999,0.0375,0.1669,0.0088,11.9939,41.0,10.0,17.0,,
Portsmouth,4,3.0,5.0,8.0,5.71,6.0,5.418118173824624,5.448071944457113,6.551926115711444,57.624602528883486,5.566417232190473,4,5.448071944457113,,0,3.0,-0.1150145517619445,-0.0575072758809722,-0.0575072758809722,18,67.0,5.5,,15.0,0.0111431258777111,0.1475389459202009,,0.0546357365010185,0.01175,0.16095,0.13925,0.0565625,,15.80863033131234,-0.05947565527436863,-0.058863135070963586,-0.1183387903453322,-2.448071944457113,-0.029953770632489274,-2.418118173824624,-0.9564002503364224,0.1183452877333595,E1,-3.0,21,42,1.242298347248247,1.2384873259591278,5.486692497835225,5.476958090899987,10.02089949379748,Cardiff (H) · Charlton (A) · Blackburn (H) · Southampton (A),3.0,5.448071944457113,5.418118173824623,4,5.43,4.46,5.66,0.54,-1.25,,55.52,9.298032049847977,0.0012,0.2168,0.0476,0.0049,0.0209,0.0476,0.0669,0.015575,0.0049,0.0427,0.0633,16.849899999999998,201.0,3.0,34.0,,
Blackburn,4,5.0,5.0,5.0,3.23,6.71,3.081501267823952,4.986375253697705,6.249005812312495,57.29567908671175,4.156421767436129,4,4.986375253697705,,0,5.0,-0.1227116583548931,-0.0613558291774465,-0.0613558291774465,19,67.0,5.0,,15.0,0.0111431258777111,0.162292840512221,,0.0546357365010185,0.0107,0.16695,0.13275,0.0537375,,15.80422265096723,-0.08322173518336781,-0.06496889753047663,-0.14819063271384444,0.01362474630229471,-1.9048739858737531,1.9184987321760478,0.005450332030397956,-0.8299534862615765,E1,0.0,13,42,1.245459615071763,1.2232064606204178,5.113765654153321,5.006424427136217,10.271263121068397,Preston (A) · Sheffield United (H) · Millwall (H) · Portsmouth (A),5.0,4.986375253697705,3.081501267823952,4,3.04,4.47,2.95,0.5300000000000002,1.2399999999999998,[manager] Michael O'Neill left at end of contract (2 May); Tony Mowbray returned as head coach 5 Jun 2026.,57.0419,9.314877583199854,0.002,0.1744,0.0624,0.0073,0.0287,0.0624,0.0846,0.021075,0.0073,0.0551,0.0488,16.052,101.0,5.0,26.0,,
Preston,4,0.0,3.0,9.0,4.66,4.53,5.471742066024102,4.970029867792395,6.420475926348607,54.64501790146967,4.658232369227278,4,4.970029867792395,,0,0.0,-0.1851107529772505,-0.0925553764886252,-0.0925553764886252,20,101.0,4.0,,19.0,0.007391974592145,0.2028660506402762,,0.0431334761850146,0.00755,0.20965,0.10175,0.0405125,,15.76480803675503,-0.10108437354357949,-0.07709439141539777,-0.17817876495897728,-4.970029867792395,0.501712198231707,-5.471742066024102,-1.961441625936337,-0.3117974985651166,E1,-6.0,24,42,1.1827378103256496,1.1881187679042504,5.390052165976676,5.406990006139938,9.922310452982057,Blackburn (H) · Watford (A) · Lincoln (H) · QPR (A),0.0,4.970029867792395,5.471742066024102,4,4.79,3.15,5.66,-0.1499999999999999,-1.5100000000000002,,50.6001,9.123813894967386,0.0001,0.4164,0.013,0.0008,0.0047,0.013,0.0187,0.00385,0.0008,0.0122,0.158,19.3559,501.0,1.9091,101.0,,
Cardiff,4,3.0,6.0,7.0,6.9,7.12,5.281993917205029,4.5235637646738365,6.169342774000555,52.45687493649937,4.8715055611000215,4,4.5235637646738365,,0,3.0,-0.2371891455222027,-0.1185945727611013,-0.1185945727611013,21,81.0,2.2,,17.0,0.0092171535037857,0.3688473648005023,,0.0482080027950163,0.00605,0.25565,0.0782,0.030875,,15.72704217852513,-0.10260017436993304,-0.12366869186811344,-0.22626886623804648,-1.5235637646738365,0.7584301525311927,-2.281993917205029,-0.6133963463687351,0.34794179642618506,E1,-1.0,19,42,1.1412693136148937,1.1510437998490335,5.123828602341404,5.214994098854309,9.625169890898224,Portsmouth (A) · Stoke (H) · Bolton (A) · Charlton (H),3.0,4.5235637646738365,5.281993917205029,4,6.84,6.76,5.28,-0.7599999999999998,-0.14000000000000057,,51.7455,9.209100376801171,0.0005,0.3726,0.0184,0.002,0.0073,0.0184,0.0279,0.0061,0.002,0.0164,0.132,18.8439,101.0,4.5,26.0,,
Bolton,4,4.0,4.0,5.0,4.89,6.470000000000001,4.497386047466051,5.066924739081702,6.22512414144925,51.96112646485358,4.70772269846981,4,5.066924739081702,,0,4.0,-0.249068838812623,-0.1245344194063115,-0.1245344194063115,22,81.0,2.1,,19.0,0.0092171535037857,0.3864115250290976,,0.0431334761850146,0.00475,0.271,0.07855,0.0299125,,15.717827699688318,-0.1313823177727647,-0.12671061736754086,-0.25809293514030557,-1.0669247390817018,-0.5695386916156506,-0.4973860474660512,-0.42762174072773873,-0.3592020406118914,E1,-1.0,15,42,1.116528612518378,1.109299284526464,4.171458462950852,4.109605040564638,8.15734658961945,Millwall (A) · West Ham (H) · Cardiff (H) · Norwich (A),4.0,5.066924739081702,4.497386047466051,4,5.08,4.4,4.44,-0.40000000000000036,-0.4899999999999993,,51.264,8.9671458112378,0.0003,0.3928,0.0172,0.0014,0.0055,0.0172,0.0236,0.005350000000000001,0.0014,0.0158,0.1437,19.1544,251.0,2.5,51.0,,
Charlton,4,10.0,6.0,3.0,3.6,6.71,3.873790458066317,4.214953219291738,5.659555617158108,50.712185369950326,4.49256405918288,4,4.214953219291738,,0,10.0,-0.2791416609639619,-0.1395708304819809,-0.1395708304819809,23,101.0,2.25,,23.0,0.007391974592145,0.3606507566938244,,0.0356320020658816,0.00425,0.2979,0.0672,0.0259124999999999,,15.693534073227925,-0.1536988406031149,-0.13638755841589717,-0.29008639901901206,5.785046780708262,-0.3411627612254211,6.126209541933683,2.4317319960384007,0.27761083989114166,E1,3.0,3,42,1.1070769559680618,1.0970430736194483,4.817333384371807,4.768209986102273,9.109782854423987,Stoke (A) · QPR (H) · Portsmouth (H) · Cardiff (A),10.0,4.214953219291738,3.873790458066317,4,3.29,5.79,3.75,0.20999999999999996,2.19,,56.6333,9.091624228376368,0.0011,0.1953,0.0534,0.005,0.0254,0.0534,0.0749,0.0171,0.005,0.0484,0.0536,16.4381,51.0,7.0,17.0,,
Lincoln,4,4.0,3.0,5.0,6.22,6.6499999999999995,5.630343832185359,4.44484026919409,5.991984234260026,47.49474730941812,4.981311674067947,4,4.44484026919409,,0,4.0,-0.3576714556986678,-0.1788357278493339,-0.1788357278493339,24,151.0,1.6154,,29.0,0.0049443008861367,0.502330198440699,,0.0282598637074234,0.0022,0.36975,0.04315,0.0159624999999999,,15.623815170149598,-0.169034970312727,-0.17836310916441153,-0.3473980794771385,-0.44484026919409025,1.1855035629912685,-1.6303438321853587,-0.1817267098927162,0.5364714048738568,E1,-2.0,17,42,1.0249977866720008,1.0331833038850202,4.277425661012712,4.287576429436635,7.721913459389267,Southampton (H) · Preston (A) · Bristol City (A) · Swansea (H),4.0,4.44484026919409,5.630343832185359,4,5.62,3.22,5.93,-0.2200000000000002,-2.9999999999999996,[other] Chris Cohen (with Tom Shaw) appointed 29 May 2026 after Skubala left for Bristol City. Just before 1 Jun cutoff; first Championship season.,48.0727,8.956607321413566,0.0001,0.5431,0.0079,0.0002,0.0023,0.0079,0.0112,0.002125,0.0002,0.0077,0.2625,20.555,201.0,1.5714,67.0,,
Leicester,4,5.0,4.0,3.0,5.6899999999999995,4.65,6.251998781434241,7.09360772541907,6.4262244637092145,82.04382567287723,6.731968857652441,4,7.09360772541907,,0,5.0,0.4425900663807066,0.2212950331903533,0.2212950331903533,1,3.0,29.0,,1.6667,0.2408658719880466,0.0292369933012751,,0.4884976769555034,0.2475,0.0121,0.7008,0.4688625,,15.858083367106737,0.20652687957383314,0.22300941937778807,0.4295362989516212,-2.09360772541907,-0.8416089439848289,-1.2519987814342413,-0.8258807939954603,-0.36163886776662935,E2,1.0,13,42,1.784528998749004,1.7695889464459789,7.068957759480635,7.027714305902654,14.519598654177456,Oxford (H) · Stockport (A) · Barnsley (A) · Wigan (H),5.0,7.09360772541907,6.251998781434241,4,5.83,4.26,6.34,-0.2599999999999998,-1.4299999999999997,[manager] Gary Rowett left at end of contract; Russell Martin appointed 15 Jun 2026 on 3-year deal after relegation to League One. | [other] -6 PSR deduction was applied in 2025/26 (Championship); appeal dismissed 6 Apr 2026. No deduction carried into 2026/27 found.,79.5949,9.502757178313999,0.3024,0.0023,0.8259,0.4886,0.7035,0.8259,0.8627,0.572925,0.4886,0.3373,0.0001,3.867,5.0,34.0,2.2,,1.4444
Sheffield Wed,4,9.0,11.0,5.0,11.49,3.54,9.704477204761243,6.55400815642342,6.537510988750647,72.96079560921955,5.836736143348936,4,6.55400815642342,,0,9.0,0.2356422347952054,0.1178211173976027,0.1178211173976027,2,7.0,23.0,,3.0,0.1032282308520199,0.0368640350320425,,0.2713930260605791,0.09855,0.04675,0.4754,0.2630375,,15.916966558228197,0.1612209495289963,0.1329078317849316,0.2941287813139279,2.4459918435765804,3.1504690483378237,-0.7044772047612433,0.9566405561692994,-0.7172720130744832,E2,6.0,2,42,1.5811139869713362,1.6388416518831794,6.421694709017707,6.657145656235446,13.045676135375487,Peterborough (A) · Wigan (H) · Stockport (H) · Stevenage (A),9.0,6.55400815642342,9.704477204761243,4,9.91,12.42,9.79,-1.42,0.9299999999999997,[finance] Storch/Arise Capital takeover completed 2 May 2026; EFL confirmed NO further points deduction for 2026/27 (a 15-pt deduction had been threatened). Starts League One on 0.,78.1185,9.460436446063154,0.2388,0.0028,0.7784,0.4151,0.6494,0.7784,0.824,0.5059250000000001,0.4151,0.3633,0.0002,4.401400000000001,8.5,29.0,3.25,,1.8333
Luton,4,7.0,10.0,10.0,6.890000000000001,5.08,6.66552463175829,6.224070942518138,6.667952732736696,71.23261652372732,6.684841924723937,4,6.224070942518138,,0,7.0,0.1965352981683742,0.0982676490841871,0.0982676490841871,3,7.5,23.0,,3.5,0.0963463487952186,0.0368640350320425,,0.2326225937662107,0.0865,0.05805,0.4283,0.2334125,,15.91875644358401,0.10207007046134643,0.10111984195122145,0.2031899124125679,0.7759290574818616,0.44145368924015127,0.3344753682417103,0.3004870496793007,0.4607709822057986,E2,0.0,7,42,1.5478225138383137,1.5547015975693081,6.133634630745898,6.165869062036434,12.256453383137304,Leyton Orient (H) · Stevenage (A) · Bradford (H) · Huddersfield (A),7.0,6.224070942518138,6.66552463175829,4,5.27,7.95,6.66,2.05,1.0599999999999996,,72.9216,9.561686746594239,0.1023,0.0116,0.5803,0.2125,0.422,0.5803,0.6481,0.30445,0.2125,0.3678,0.0008,6.6754,7.0,29.0,2.625,,1.6154
Huddersfield,4,10.0,9.0,3.0,7.73,4.06,7.511192479656923,6.236679174873345,6.563773694910941,68.76689900194846,6.57870917254105,4,6.236679174873345,,0,10.0,0.1407435701151946,0.0703717850575973,0.0703717850575973,4,13.0,15.0,,5.0,0.0555844319972415,0.0565248537157985,,0.1628358156363475,0.06095,0.07505,0.3629,0.1836875,,15.916137822065355,0.08117876175908716,0.08276519132516877,0.1639439530842559,3.7633208251266552,1.2745133047835786,2.4888075203430766,1.468907486215178,0.34202999766770503,E2,6.0,1,42,1.4888147577875028,1.5098947737976869,6.18524407598095,6.286957649900935,12.05971209951538,Notts County (H) · Mansfield (A) · Bromley (A) · Luton (H),10.0,6.236679174873345,7.511192479656923,4,6.7,8.1,6.94,0.9000000000000004,0.3699999999999992,[other] Liam Manning left by mutual consent 11 May; Martin Drury appointed 27 May 2026. Just before 1 Jun cutoff.,73.8568,9.632979485081467,0.1221,0.0087,0.618,0.2462,0.4557,0.618,0.6818,0.33915,0.2462,0.3718,0.0005,6.2351,7.0,34.0,2.75,,1.6667
Plymouth,4,4.0,4.0,6.0,4.92,6.09,4.893619348840895,5.33409907870075,6.399745661609802,68.435917085099,5.300630112592678,4,5.33409907870075,,0,4.0,0.1332506073623058,0.0666253036811529,0.0666253036811529,5,12.0,13.0,,5.0,0.0602164679970116,0.0652209850566906,,0.1628358156363475,0.06075,0.07885,0.35655,0.1818,,15.91532412365445,0.05772433620553777,0.06582520022485909,0.12354953643039686,-1.33409907870075,-0.44047972985985506,-0.893619348840895,-0.5273594429630417,-0.03346896610807182,E2,-2.0,16,42,1.5024242382475776,1.4917587521861424,6.182878138259321,6.119086162580015,12.372180337606572,Doncaster (A) · Barnsley (H) · Blackpool (A) · Burton (H),4.0,5.33409907870075,4.893619348840895,4,4.92,3.55,4.93,0.4500000000000002,-1.37,,67.2207,9.559319615432896,0.033,0.0473,0.3449,0.0839,0.2123,0.3449,0.4149,0.14915,0.0839,0.261,0.0059,9.7157,15.0,13.0,5.0,,2.5
MK Dons,4,3.0,4.0,6.0,7.58,7.16,5.601494265047583,5.330991805471995,6.575811731854988,67.14734105899461,5.280788000485715,4,5.330991805471995,,0,3.0,0.1040616725092774,0.0520308362546387,0.0520308362546387,6,15.0,12.0,,5.5,0.0481731743976093,0.0706560671447482,,0.1480325596694068,0.0534,0.0894,0.3328,0.1664875,,15.911115567240945,0.06855308516952471,0.04089259628847012,0.10944568145799483,-2.330991805471995,0.27050245957558783,-2.6014942650475827,-0.9090045591155635,-0.050203804986280076,E2,-2.0,23,42,1.4718178393695862,1.4786822434012816,6.358154445148909,6.446607381785022,12.032454089263087,Wycombe (A) · Peterborough (H) · AFC Wimbledon (A) · Bromley (H),3.0,5.330991805471995,5.601494265047583,4,7.76,5.43,5.92,-1.4299999999999997,-2.1500000000000004,,65.6904,9.641656903250597,0.0235,0.0652,0.2903,0.0641,0.1695,0.2903,0.3505,0.12065000000000001,0.0641,0.2262,0.0103,10.6632,17.0,13.0,5.5,,2.75
Stockport,4,6.0,9.0,6.0,6.76,6.14,5.70040844337858,5.4528339360575675,6.491900024853313,67.06923810861832,6.228138312705186,4,5.4528339360575675,,0,6.0,0.1022914019523954,0.0511457009761977,0.0511457009761977,7,15.0,11.0,,5.0,0.0481731743976093,0.0770793459760889,,0.1628358156363475,0.0504,0.0893,0.32895,0.161025,,15.910807275209589,0.05857598899652203,0.04950398126357977,0.1080799702601018,0.5471660639424325,0.24757450732101294,0.29959155662141956,0.21475003456992525,0.7753043766476182,E2,3.0,9,42,1.4670572422038275,1.4731696460120407,5.328096280393136,5.305419470188013,11.508520697902558,Wigan (A) · Leicester (H) · Sheffield Wed (A) · Peterborough (H),6.0,5.4528339360575675,5.7004084433785795,4,7.07,6.77,5.93,2.2300000000000004,0.009999999999999787,[manager] Dave Challinor left 1 Jun 2026; Jimmy McNulty appointed head coach 5 Jun 2026 (from Rochdale).,68.4342,9.573216301745155,0.0401,0.036,0.3898,0.1036,0.2485,0.3898,0.4559,0.17515,0.1036,0.2862,0.0038,9.1052,10.0,21.0,3.75,,2.0
Bradford,4,6.0,4.0,4.0,5.37,5.08,5.281722300766556,5.5962862374506965,6.391052283915555,65.63903820628754,6.488116277087288,4,5.5962862374506965,,0,6.0,0.0698467288020517,0.0349233644010258,0.0349233644010258,8,19.0,10.0,,6.0,0.0380314534717968,0.0847872805736978,,0.1356965130302895,0.04105,0.1062,0.29365,0.1397125,,15.904087412498804,0.028247273932589204,0.042698946077810024,0.07094622001039923,0.40371376254930347,-0.3145639366841406,0.7182776992334441,0.15969354782516565,0.8918300396365915,E2,0.0,11,42,1.4295893325913531,1.4301162401949656,5.705774911502726,5.693919737663087,11.75228556870086,Mansfield (H) · Notts County (A) · Luton (A) · Barnsley (H),6.0,5.5962862374506965,5.281722300766555,4,5.75,5.25,5.62,-1.25,-0.1200000000000001,,66.4953,9.623376637646462,0.0286,0.0561,0.3114,0.0725,0.1892,0.3114,0.3774,0.13222499999999998,0.0725,0.2389,0.0076,10.2538,10.0,21.0,3.5,,1.9091
Wycombe,4,2.0,4.0,9.0,5.739999999999999,7.59,4.618431375502816,5.151276477811725,6.50530695361468,64.5977547133428,5.110744898087031,4,5.151276477811725,,0,2.0,0.0461846164909671,0.0230923082454835,0.0230923082454835,9,19.0,8.5,,6.5,0.0380314534717968,0.0997497418514092,,0.1252583197202673,0.03865,0.11815,0.27325,0.1305625,,15.897913635095936,0.023500532548172297,0.010301552572523728,0.033802085120696025,-3.1512764778117246,-0.5328451023089089,-2.6184313755028157,-1.235528053909274,-0.04053157972469368,E2,-5.0,24,42,1.415392338941216,1.405875604248806,5.664360221279125,5.611411233442331,11.578639972911157,MK Dons (H) · Leyton Orient (A) · Wigan (A) · Reading (H),2.0,5.151276477811725,4.618431375502816,4,5.63,7.22,4.51,-3.2199999999999998,1.4800000000000004,,61.557,9.610897512719617,0.0086,0.1392,0.1596,0.0229,0.0805,0.1596,0.2023,0.057075,0.0229,0.1367,0.0263,13.2472,29.0,7.5,10.0,,4.5
Blackpool,4,7.0,8.0,4.0,11.25,7.77,7.300225562515891,5.503218067719249,6.539577701379551,63.4366254659088,4.855843697011859,4,5.503218067719249,,0,7.0,0.0197494968805336,0.0098747484402668,0.0098747484402668,10,26.0,7.5,,7.0,0.0277922159986207,0.1130497074315971,,0.1163112968831053,0.0319,0.12995,0.2501,0.1156625,,15.88975681283434,0.059651399633694924,-0.008111840963346665,0.05153955867034826,1.4967819322807507,1.7970074947966417,-0.30022556251589094,0.5853069486219137,-0.6473743707073902,E2,4.0,3,42,1.3793668428140369,1.412856694148572,5.740822759449012,5.873991630695042,10.98349477521294,Reading (A) · Bromley (H) · Plymouth (H) · Notts County (A),7.0,5.503218067719249,7.300225562515891,4,11.38,9.63,7.32,-1.6300000000000008,-1.6199999999999992,,66.9054,9.621426653048916,0.031,0.0519,0.3237,0.0794,0.1986,0.3237,0.388,0.140475,0.0794,0.2443,0.0058,10.0699,26.0,8.0,9.0,,4.3333
Oxford,3,4.0,5.0,6.0,3.6,6.72,2.7433781073619765,3.7583408142779544,4.8165304831807925,62.453435260272705,3.762110677081495,3,3.7583408142779544,,0,4.0,-0.0026825652902209,-0.0013412826451104,-0.0013412826451104,11,21.0,4.3333,,7.0,0.0344094102840066,0.1956644602813049,,0.1163112968831053,0.02815,0.1475,0.2242,0.103225,,15.88180127640646,-0.008107697085519484,-0.019871293152211145,-0.02797899023773063,0.2416591857220456,-1.014962706915978,1.2566218926380235,0.11011238037244879,0.0037698628035407467,E2,-1.0,15,43,1.3650021964184824,1.3413954428736024,5.705048785847517,5.631553274094018,10.912634316993337,Leicester (A) · Reading (H) · Burton (H) · Cambridge (H),4.0,3.7583408142779544,2.7433781073619765,3,2.85,3.9,2.66,1.1,0.2999999999999998,[manager] Matt Bloomfield sacked 20 Jun 2026; Aaron Ramsey appointed head coach 23 Jun 2026 (first managerial job). | [finance] EFL transfer embargo imposed 10 Jul 2026 for breaching Salary Cost Management Protocol; cannot register any players (incl. loans/free agents) in summer window; club expects compliance by Jan 2027.,62.3133,9.723988024982374,0.0127,0.1241,0.1789,0.0343,0.0945,0.1789,0.2244,0.07045,0.0343,0.1446,0.0217,12.8391,21.0,7.0,8.0,,3.5
Reading,3,4.0,8.0,4.0,5.55,3.26,5.520109032954173,4.309257873172783,5.005918349949313,61.975629381899886,4.332169623811892,3,4.309257873172783,,0,4.0,-0.0136018530908137,-0.0068009265454068,-0.0068009265454068,12,29.0,7.0,,9.0,0.0249171591711772,0.1211246865338541,,0.090464342020193,0.02505,0.15315,0.22305,0.0993375,,15.87758789755128,0.001150837134841553,0.0037017222606414327,0.004852559395482986,-0.30925787317278264,1.2108511597813907,-1.5201090329541733,-0.1382225446524529,0.022911750639109663,E2,4.0,14,43,1.3410784071797002,1.357938891042337,5.59330853978138,5.645097229144337,10.510927606171165,Blackpool (H) · Oxford (A) · Cambridge (A) · Notts County (H),4.0,4.309257873172783,5.520109032954173,3,5.91,5.93,5.77,2.0700000000000003,0.3799999999999999,,63.0407,9.612847835579172,0.0135,0.1064,0.1921,0.0367,0.1045,0.1921,0.2423,0.07555,0.0367,0.1554,0.0163,12.4212,34.0,6.0,11.0,,5.0
Barnsley,4,7.0,5.0,3.0,5.87,5.6899999999999995,5.6998107502044855,5.656145786126892,6.5518961020897795,60.48023635381096,5.195015913065427,4,5.656145786126892,,0,7.0,-0.0478610496479648,-0.0239305248239824,-0.0239305248239824,13,34.0,5.0,,10.0,0.0212528710577688,0.1695745611473957,,0.0814179078181737,0.021,0.1788,0.1889,0.084575,,15.862933787081232,-0.02632433576874303,-0.02328665934666419,-0.049610995115407217,1.343854213873108,0.04366496407759346,1.3001892497955145,0.5250113066750814,-0.4611298730614646,E2,2.0,5,42,1.3053354897067635,1.3028607221362607,4.7507954015183245,4.772800159691072,9.800755961843482,Stevenage (H) · Plymouth (A) · Leicester (H) · Bradford (A),7.0,5.656145786126892,5.699810750204486,4,5.35,6.17,5.78,-1.17,0.2999999999999998,[other] Conor Hourihane left by mutual consent 2 May; Daniel Stendel appointed 12 May 2026. Before 1 Jun cutoff.,62.2788,9.35736450930452,0.0103,0.1193,0.1722,0.0294,0.089,0.1722,0.2162,0.0651,0.0294,0.1428,0.0186,12.8727,67.0,3.75,21.0,,7.0
Wigan,4,3.0,5.0,7.0,8.83,6.98,6.82382788601133,5.60134382798079,6.649995114301406,60.16889071305464,5.710320700314786,4,5.60134382798079,,0,3.0,-0.0550115484500149,-0.0275057742250074,-0.0275057742250074,14,41.0,5.5,,10.0,0.0176243320966863,0.1541586919521779,,0.0814179078181737,0.01995,0.18475,0.1847,0.080525,,15.859602986926788,-0.0010773676668018144,-0.03933236084113715,-0.04040972850793896,-2.6013438279807897,1.22248405803054,-3.8238278860113297,-1.0087582393307355,0.10897687233399633,E2,-2.0,22,42,1.2992273067874724,1.3130400697567668,4.522595092046533,4.539188512831202,9.908432222473298,Stockport (H) · Sheffield Wed (A) · Wycombe (H) · Leicester (A),3.0,5.60134382798079,6.82382788601133,4,8.88,5.29,6.45,-0.29000000000000004,-3.54,,58.7593,9.60993046332803,0.0036,0.2171,0.0995,0.0131,0.0462,0.0995,0.1319,0.0347,0.0131,0.0864,0.0455,15.0194,101.0,3.0,26.0,,9.0
Doncaster,4,3.0,4.0,5.0,4.21,3.67,5.717218549617618,5.473537103871308,6.573421921449782,59.95061566200536,5.704438112178325,4,5.473537103871308,,0,3.0,-0.0600284307662338,-0.0300142153831169,-0.0300142153831169,15,34.0,4.5,,10.0,0.0212528710577688,0.1884161790526619,,0.0814179078181737,0.0209,0.18945,0.18035,0.0791375,,15.857210363470214,-0.04603863711266009,-0.009495863506411803,-0.05553450061907189,-2.4735371038713083,0.24368144574630968,-2.717218549617618,-0.9647675219844601,0.23090100830701665,E2,-1.0,20,42,1.2970732990031917,1.3001894586564844,5.402897426700497,5.461662801357795,10.159834563851925,Plymouth (H) · AFC Wimbledon (A) · Peterborough (A) · Oxford (H),3.0,5.473537103871308,5.717218549617618,4,4.43,2.5,5.86,1.5,-1.71,,58.2417,9.301907390960183,0.0027,0.2251,0.0836,0.0104,0.0371,0.0836,0.1117,0.0287,0.0104,0.0732,0.0476,15.3591,51.0,4.3333,15.0,,6.5
Mansfield,4,6.0,8.0,10.0,5.11,7.35,4.258560263560049,5.142779286153235,6.482852325391508,59.44579018261941,5.300878375288722,4,5.142779286153235,,0,6.0,-0.0716441394641772,-0.0358220697320886,-0.0358220697320886,16,41.0,5.0,,11.0,0.0176243320966863,0.1695745611473957,,0.0740162798347034,0.0185,0.194,0.1736,0.0759875,,15.851495135271488,-0.040980618681321336,-0.04753322330973076,-0.0885138419910521,0.8572207138467647,-0.8842190225931867,1.7414397364399514,0.3366740104870646,0.15809908913548654,E2,-2.0,12,42,1.2929288308682423,1.2775113802781513,5.246661638028559,5.199213507728602,10.965386662603139,Bradford (A) · Huddersfield (H) · Burton (A) · Leyton Orient (H),6.0,5.142779286153235,4.258560263560049,4,5.11,6.92,4.33,1.08,1.8099999999999996,,60.2557,9.360465667369345,0.0053,0.1691,0.1243,0.0177,0.0579,0.1243,0.1593,0.04435,0.0177,0.1066,0.031,14.1943,26.0,7.0,11.0,,4.5
Stevenage,4,3.0,4.0,5.0,2.46,3.83,4.095550865541632,5.46260402135963,6.605288956977683,59.176825770280196,5.552490840081197,4,5.46260402135963,,0,3.0,-0.0778403054298217,-0.0389201527149108,-0.0389201527149108,17,41.0,4.5,,10.0,0.0176243320966863,0.1884161790526619,,0.0814179078181737,0.0187,0.2038,0.17275,0.0769,,15.84834660254285,-0.0716819988611977,-0.020082845319997975,-0.09176484418119567,-2.4626040213596303,-1.367053155817998,-1.0955508655416324,-0.9581834685710017,0.0898868187215669,E2,-1.0,21,42,1.278910041640966,1.264017436098074,4.885655433201087,4.801477203618975,10.127173496984351,Barnsley (A) · Luton (H) · Leyton Orient (A) · Sheffield Wed (H),3.0,5.46260402135963,4.095550865541632,4,2.82,3.41,4.39,0.5899999999999999,0.9500000000000002,,56.4013,9.23033359689673,0.0027,0.2942,0.055,0.0074,0.0242,0.055,0.0767,0.0193,0.0074,0.0476,0.0638,16.5231,67.0,3.5,21.0,,7.5
Notts County,4,6.0,6.0,5.0,6.49,4.6899999999999995,6.524120667177854,4.785289780163304,6.173584579080009,58.88060515701036,4.522473839578987,4,4.785289780163304,,0,6.0,-0.0846705885077973,-0.0423352942538986,-0.0423352942538986,18,41.0,3.75,,11.0,0.0176243320966863,0.2260994148631943,,0.0740162798347034,0.01565,0.2049,0.1639,0.0698874999999999,,15.844795710794909,-0.03216075741697448,-0.026311279163612186,-0.05847203658058667,1.2147102198366957,1.73883088701455,-0.5241206671778542,0.4888819288365202,-0.2628159405843169,E2,1.0,10,42,1.2879836994487395,1.3122885879729742,4.9321852908716455,4.962792851753296,9.885706401234533,Huddersfield (A) · Bradford (H) · Reading (A) · Blackpool (H),6.0,4.785289780163304,6.524120667177854,4,5.7,4.69,6.58,1.3099999999999996,-1.7999999999999998,,61.7019,9.352220933554184,0.0068,0.1408,0.1493,0.0238,0.0735,0.1493,0.191,0.055175,0.0238,0.1255,0.0228,13.3932,81.0,3.5,21.0,,7.5
Peterborough,4,4.0,2.0,7.0,5.6899999999999995,6.8999999999999995,5.403728017438388,5.157319008063576,6.405474472071752,58.53034231642049,4.682618636439777,4,5.157319008063576,,0,4.0,-0.0927556242160794,-0.0463778121080397,-0.0463778121080397,19,41.0,4.0,,12.0,0.0176243320966863,0.2119682014342447,,0.0678482565151447,0.01595,0.21045,0.16005,0.067875,,15.840484328264802,-0.0466260047299572,-0.05340965238216757,-0.10003565711212477,-1.1573190080635758,0.24640900937481192,-1.4037280174383877,-0.45727497405057466,-0.47470037162379874,E2,-5.0,18,42,1.2707862692465932,1.2640390953841703,4.755589994914334,4.658016348624438,9.620390208624311,Sheffield Wed (H) · MK Dons (A) · Doncaster (H) · Stockport (A),4.0,5.157319008063576,5.403728017438388,4,5.59,2.8,5.07,-0.7999999999999998,-2.8899999999999997,,57.5895,9.373205948340233,0.0037,0.2606,0.0722,0.0098,0.0307,0.0722,0.0988,0.0254,0.0098,0.0624,0.0589,15.86,101.0,2.75,29.0,,11.0
Leyton Orient,4,6.0,9.0,5.0,3.91,7.03,3.74802444414467,5.202459182070112,6.514309137503215,58.139927100840374,5.459994907392459,4,5.202459182070112,,0,6.0,-0.1017788720159159,-0.0508894360079579,-0.0508894360079579,20,41.0,4.0,,13.0,0.0176243320966863,0.2119682014342447,,0.0626291598601336,0.0157,0.21555,0.15635,0.0672875,,15.835534808726315,-0.06835645973674606,-0.05923813845855978,-0.12759459819530583,0.797540817929888,-1.454434737925442,2.25197555585533,0.3124774898626564,0.2575357253223469,E2,4.0,8,42,1.2604159028278634,1.2368007214803127,4.988529579157209,4.926270047904484,9.861488825115298,Luton (A) · Wycombe (H) · Stevenage (H) · Mansfield (A),6.0,5.202459182070112,3.74802444414467,4,4.19,5.89,3.88,3.1100000000000003,1.9799999999999995,,58.4949,9.26672401606955,0.0032,0.2304,0.0866,0.0104,0.0409,0.0866,0.1161,0.02945,0.0104,0.0762,0.0453,15.3906,51.0,4.3333,17.0,,6.5
Cambridge,4,7.0,7.0,6.0,5.04,6.96,4.603278432677796,4.9787668180110405,6.39488887945077,55.68528165639324,5.1665078267389655,4,4.9787668180110405,,0,7.0,-0.1588118471678514,-0.0794059235839257,-0.0794059235839257,21,51.0,2.75,,15.0,0.0141685807051792,0.3083173839043559,,0.0542786052121158,0.01195,0.26695,0.11925,0.0506999999999999,,15.800938796106218,-0.08464252845225742,-0.08592182537702917,-0.17056435382928659,2.0212331819889595,-0.37548838533324425,2.3967215673222038,0.7992817891689696,0.18774100872792499,E2,1.0,6,42,1.2072979723424333,1.196326002488699,5.270812522539347,5.251975281288659,9.912425020644514,Burton (A) · Reading (H) · Oxford (A) · AFC Wimbledon (H),7.0,4.9787668180110405,4.603278432677795,4,5.41,6.45,5.05,0.5499999999999998,1.4100000000000001,,57.6666,9.346573941289963,0.0031,0.2623,0.0748,0.0097,0.0336,0.0748,0.0996,0.025975,0.0097,0.0651,0.0558,15.8963,51.0,4.3333,17.0,,7.0
Burton,4,7.0,8.0,5.0,3.05,5.55,4.16697558927169,4.777187656525789,6.018971913409638,54.42365933165857,4.867239310520117,4,4.777187656525789,,0,7.0,-0.1883511075755563,-0.0941755537877781,-0.0941755537877781,22,81.0,2.375,,15.0,0.0089209582217795,0.3569990760997805,,0.0542786052121158,0.0085,0.2932,0.104,0.0429125,,15.780821062616416,-0.11670322744677787,-0.08541138793925017,-0.20211461538602804,2.222812343474211,-0.6102120672540989,2.83302441072831,0.9060280459815767,0.09005165399432791,E2,3.0,4,42,1.1820588494079234,1.1694346226305956,4.856173985330445,4.8638587478787025,9.548278309278665,Cambridge (H) · Oxford (A) · Mansfield (H) · Plymouth (A),7.0,4.777187656525789,4.16697558927169,4,3.19,5.1,4.07,2.9000000000000004,2.05,,56.7945,9.263620768900132,0.0016,0.2943,0.0597,0.0068,0.0284,0.0597,0.082,0.020025,0.0068,0.0529,0.0646,16.4443,151.0,2.25,34.0,,12.0
AFC Wimbledon,4,4.0,2.0,7.0,3.11,5.51,3.7282982647126555,4.654080465140479,6.195313653998137,51.933033260995934,4.332114964731347,4,4.654080465140479,,0,4.0,-0.247190199022433,-0.1235950995112165,-0.1235950995112165,23,101.0,2.1,,19.0,0.0071544318412291,0.403748955112847,,0.0428515304306177,0.0063,0.35665,0.0821,0.0329374999999999,,15.736441165547417,-0.14482449640411882,-0.11358732115210353,-0.25841181755622233,-0.6540804651404786,-0.9257822004278231,0.27170173528734454,-0.26278436929670096,-0.3219655004091315,E2,-5.0,17,42,1.1256893522822726,1.11703119990895,4.895549031425523,4.88467775729433,9.27571539023085,Bromley (A) · Doncaster (H) · MK Dons (H) · Cambridge (A),4.0,4.654080465140479,3.728298264712655,4,3.61,1.54,3.87,0.45999999999999996,-1.5699999999999998,,51.4031,9.189396628179608,0.0003,0.5158,0.0185,0.0011,0.007,0.0185,0.0278,0.00545,0.0011,0.0174,0.1841,19.2809,151.0,2.2,41.0,,13.0
Bromley,4,4.0,4.0,13.0,3.53,8.57,2.880084345702288,4.49012752365611,5.992827780469853,50.197062690694665,4.806433598472994,4,4.49012752365611,,0,4.0,-0.2886675628121312,-0.1443337814060656,-0.1443337814060656,24,126.0,2.0,,26.0,0.0057349017140011,0.4239364028684894,,0.0313145799300668,0.00405,0.39705,0.0641,0.0244624999999999,,15.701839256800634,-0.16087598558106975,-0.16113259221477155,-0.3220085777958413,-0.4901275236561098,-1.6100431779538216,1.1199156542977118,-0.200213423976605,0.3163060748168842,E2,-9.0,19,42,1.0882603611199655,1.0583882806740097,4.398339019815065,4.233183092697503,8.348560761310562,AFC Wimbledon (H) · Blackpool (A) · Huddersfield (H) · MK Dons (A),4.0,4.49012752365611,2.8800843457022887,4,2.75,3.76,2.82,0.2400000000000002,0.22999999999999998,,49.2769,9.134682610249772,0.0001,0.6194,0.011,0.0006,0.0033,0.011,0.0166,0.0031999999999999997,0.0006,0.0104,0.2627,20.2719,151.0,2.625,34.0,,12.0
Salford,4,3.0,3.0,6.0,5.01,4.859999999999999,5.388381337334077,6.693230379932496,6.460520056366942,76.24056055717847,6.654123708512807,4,6.693230379932496,,0,3.0,0.3147297191138983,0.1573648595569491,0.1573648595569491,1,4.5,51.0,,1.8333,0.1581956455462488,0.0152172498201298,,0.4572155570533822,0.1627,0.01185,0.61865,0.427475,,15.906062054017369,0.14205750321283273,0.15679401316558358,0.29885151637841634,-3.693230379932496,-1.304849042598419,-2.388381337334077,-1.453023572045887,-0.03910667141968904,E3,-3.0,20,42,1.655888813743952,1.6392980287994139,6.339311416022057,6.289519333736802,13.142974206417087,Port Vale (H) · Rotherham (A) · Swindon (H) · Oldham (A),3.0,6.693230379932496,5.388381337334077,4,5.04,2.41,5.42,0.5899999999999999,-2.5999999999999996,[manager] Karl Robinson sacked 2 Jun 2026; Peter Cklamovski appointed 18 Jun 2026.,72.3951,9.482805280611728,0.1397,0.0051,0.6534,0.2614,0.4504,0.5942,0.6534,0.4341,0.361,0.2924,0.0017,6.6036,8.0,81.0,2.2,,1.6154
Bristol Rovers,4,9.0,11.0,6.0,10.96,4.6,8.867038864808013,6.394220775041452,6.524361676853072,70.50903977289839,6.753317512374567,4,6.394220775041452,,0,9.0,0.1838967550153128,0.0919483775076564,0.0919483775076564,2,8.5,34.0,,2.75,0.0837506358774258,0.0228258747301947,,0.3048048293621693,0.0858,0.0246,0.47375,0.2956249999999999,,15.9188462683757,0.13467065773474102,0.09592294386196774,0.23059360159670877,2.605779224958548,2.4728180897665606,0.13296113519198727,1.0201607333313067,0.35909673733311465,E3,5.0,1,42,1.526543309472784,1.574996769386574,6.010644636826806,6.164883810244605,11.804919920102959,Rotherham (H) · Grimsby (A) · Gillingham (A) · Exeter (H),9.0,6.394220775041452,8.867038864808013,4,10.02,9.37,8.86,1.6300000000000008,-1.5900000000000016,,75.7161,9.670899688756823,0.2379,0.0021,0.7595,0.3863,0.5818,0.7077,0.7595,0.560675,0.4944,0.2651,0.0006,5.1115,6.0,81.0,2.0,,1.3636
Barnet,4,8.0,9.0,5.0,5.6899999999999995,4.97,5.8149364352223305,6.064858546736595,6.612953679490866,69.16047612711293,6.982006972598587,4,6.064858546736595,,0,8.0,0.1531441706653835,0.0765720853326917,0.0765720853326917,3,9.5,34.0,,2.875,0.0749347794692757,0.0228258747301947,,0.2915524454768576,0.07755,0.0319,0.4354,0.2684125,,15.917062182860546,0.07304885952784976,0.0783201886501701,0.15136904817801985,1.9351414532634053,-0.24992211151426424,2.1850635647776695,0.7525146788053756,0.917148425861992,E3,4.0,2,42,1.5022766090565793,1.500399518264642,6.28751849051897,6.273297702213727,12.096208698516508,Chesterfield (A) · Accrington (H) · Fleetwood (H) · Crawley (A),8.0,6.064858546736595,5.8149364352223305,4,4.89,5.49,5.85,3.51,-0.1999999999999993,,71.8556,9.523505060638117,0.1259,0.0043,0.6242,0.2358,0.422,0.5632,0.6242,0.40835,0.3364,0.2878,0.0022,6.9491,7.0,81.0,2.2,,1.4444
Grimsby,4,6.0,5.0,4.0,7.050000000000001,6.0,6.128211329702371,6.244216960702535,6.618946160202386,68.07481745101951,6.80986117172357,4,6.244216960702535,,0,6.0,0.1283732144088238,0.0641866072044119,0.0641866072044119,4,11.0,26.0,,3.25,0.0647164004507381,0.0298492208010239,,0.2579117786910663,0.06415,0.03465,0.40275,0.2401125,,15.914304310166424,0.07171782611092144,0.055702207997931165,0.1274200341088526,-0.24421696070253507,-0.11600563100016448,-0.1282113297023706,-0.09492517312491633,0.5656442110210351,E3,1.0,11,42,1.4721571545313565,1.4728346713687812,6.290454560526109,6.273324409550727,12.233970372036687,Cheltenham (A) · Bristol Rovers (H) · Crawley (H) · Newport (A),6.0,6.244216960702535,6.128211329702371,4,7.5,5.3,6.76,-0.2999999999999998,-1.7500000000000009,,68.3306,9.420451350121159,0.0651,0.0109,0.4719,0.1393,0.2814,0.4093,0.4719,0.277725,0.213,0.2589,0.0034,8.892199999999999,13.0,41.0,3.5,,1.9091
Port Vale,4,2.0,2.0,6.0,4.34,5.05,4.902889209760489,5.923572729496622,6.57162174149339,68.01822770901587,6.051626167157597,4,5.923572729496622,,0,2.0,0.1270815340842534,0.0635407670421267,0.0635407670421267,5,11.0,26.0,,3.25,0.0647164004507381,0.0298492208010239,,0.2579117786910663,0.06585,0.03705,0.40265,0.2427125,,15.914128259172928,0.04781619656618493,0.06537862207147671,0.11319481863766165,-3.9235727294966223,-1.0206835197361332,-2.902889209760489,-1.5305426229971304,0.12805343766097455,E3,-4.0,24,42,1.4784441661790297,1.4632275980850908,5.682551923830765,5.619656365222764,11.322124618599302,Salford (A) · Exeter (H) · Walsall (A) · Northampton (H),2.0,5.923572729496622,4.902889209760489,4,3.47,2.91,5.07,-0.9100000000000001,-1.4299999999999997,,63.892,9.493657672362028,0.0246,0.0388,0.2915,0.0594,0.1465,0.2394,0.2915,0.147725,0.0998,0.1917,0.0157,11.6598,21.0,13.0,5.5,,3.0
Chesterfield,4,4.0,3.0,4.0,7.33,5.32,6.940339459018945,5.6259729235108855,6.4320660461288455,67.71043613532653,6.487735751812872,4,5.6259729235108855,,0,4.0,0.1200550520807042,0.0600275260403521,0.0600275260403521,6,12.0,29.0,,3.25,0.0593233670798433,0.0267613703733317,,0.2579117786910663,0.06125,0.0372,0.4048,0.2384125,,15.913114705628232,0.07472439361553777,0.06165201920793659,0.13637641282347435,-1.6259729235108855,1.3143665355080598,-2.9403394590189453,-0.6411181348429904,0.8617628283019867,E3,-1.0,16,42,1.4782015050432298,1.4945382842804165,5.751855934872114,5.807619994563304,11.726431350395398,Barnet (H) · Oldham (A) · York (H) · Cheltenham (A),4.0,5.6259729235108855,6.940339459018946,4,6.97,5.68,7.06,-2.6799999999999997,-1.6500000000000004,,67.4494,9.591581706892743,0.056,0.0159,0.4365,0.1195,0.249,0.375,0.4365,0.24607500000000002,0.1826,0.2539,0.0055,9.4991,17.0,26.0,4.3333,,2.0
York,4,7.0,8.0,7.0,7.72,5.8,6.717197880088543,5.8216687636867,6.618674886118978,66.62420832315544,6.701645465429336,4,5.8216687636867,,0,7.0,0.0952416614731757,0.0476208307365878,0.0476208307365878,7,13.0,23.0,,3.5,0.0547600311506245,0.0337425974272444,,0.2394895087845615,0.05795,0.0411,0.3758,0.223025,,15.908781846641585,0.06513193947280722,0.0438863630991285,0.10901830257193573,1.1783312363132996,0.8955291164018426,0.282802119911457,0.45801728298871436,0.8799767017426356,E3,1.0,7,42,1.4476795133206843,1.463916984604,5.6378971455373765,5.701657615179299,11.725832285409087,Crewe (A) · Swindon (H) · Chesterfield (A) · Gillingham (H),7.0,5.8216687636867,6.717197880088543,4,7.68,10.24,6.72,-2.24,2.5200000000000005,[manager] Stuart Maynard sacked 26 Jul 2026 (19 days before League Two return); Scott Lindsey appointed 27 Jul 2026.,69.0034,9.570391237561848,0.075,0.0117,0.4975,0.1518,0.3009,0.4418,0.4975,0.294325,0.2266,0.2709,0.0039,8.6003,10.0,67.0,2.5,,1.7273
Oldham,4,7.0,7.0,3.0,5.7299999999999995,4.529999999999999,6.036806783546046,5.6027039151690445,6.619470308702918,65.2113939158038,6.024158409937049,4,5.6027039151690445,,0,7.0,0.0629197579073725,0.0314598789536862,0.0314598789536862,8,15.0,17.0,,4.5,0.0474586936638746,0.0456517494603895,,0.1862696179435478,0.0456,0.05155,0.33825,0.1927125,,15.90138495636188,0.031283429362421795,0.03990760240774721,0.071191031770169,1.3972960848309555,0.4341028683770016,0.9631932164539538,0.5430962735920498,0.4214544947680041,E3,4.0,5,42,1.419254523824637,1.4253086505092167,5.403563844129319,5.476239599635855,11.40022911971339,Tranmere (A) · Chesterfield (H) · Rochdale (A) · Salford (H),7.0,5.6027039151690445,6.036806783546046,4,4.72,5.67,6.05,1.33,-0.05999999999999961,,67.4381,9.544703682671397,0.0534,0.0147,0.4306,0.1143,0.2436,0.3696,0.4306,0.2404,0.177,0.2536,0.0045,9.5578,13.0,41.0,3.5,,1.8333
Rotherham,4,5.0,6.0,6.0,7.21,4.77,7.078741297277681,5.665830989955049,6.662247119454991,64.46967315695403,4.981809341530091,4,5.665830989955049,,0,5.0,0.0459237477958791,0.0229618738979395,0.0229618738979395,9,15.0,9.0,,4.0,0.0474586936638746,0.0862310823140691,,0.2095533201864914,0.0435,0.0568,0.32425,0.1818999999999999,,15.896704979738248,0.036358195072488594,0.029433160296740653,0.06579135536922925,-0.6658309899550492,1.4129103073226315,-2.0787412972776806,-0.2579607529536923,-0.6840216484249586,E3,0.0,13,42,1.4000914801666426,1.4193256192089634,5.160251236281413,5.200866038827141,11.179972366452045,Bristol Rovers (A) · Salford (H) · Northampton (A) · Crewe (H),5.0,5.665830989955049,7.078741297277681,4,5.95,4.79,7.21,1.21,-2.42,"[manager] Lee Clark left at end of contract; Alex Bruce appointed 29 Jun 2026 after long search, following relegation from League One.",64.9211,9.5739477118898,0.0339,0.0279,0.3313,0.0738,0.1681,0.2744,0.3313,0.171625,0.1184,0.2129,0.0122,11.1079,34.0,11.0,8.0,,3.25
Swindon,4,7.0,5.0,5.0,2.6399999999999997,6.32,3.343552963856058,5.533368423840005,6.5032841558662895,63.71270675780891,4.969871809388305,4,5.533368423840005,,0,7.0,0.0285556340423603,0.0142778170211801,0.0142778170211801,10,19.0,15.0,,5.5,0.0374673897346378,0.0517386493884414,,0.1524024146810846,0.0376,0.061,0.30535,0.166675,,15.891363561920006,-0.014666612293366858,0.006426637775328401,-0.008239974518038456,1.4666315761599948,-2.189815459983947,3.656447036143942,0.5751149613410748,-0.5634966144517,E3,0.0,9,42,1.3852223412849738,1.3488654445364996,5.353102348438181,5.2266322377625505,10.78982891520402,Colchester (H) · York (A) · Salford (A) · Accrington (H),7.0,5.533368423840005,3.343552963856058,4,2.65,4.45,3.49,0.5499999999999998,1.8100000000000005,,64.1119,9.42266302008092,0.0266,0.0349,0.2915,0.0592,0.1399,0.2422,0.2915,0.1466,0.0983,0.1932,0.0137,11.6336,17.0,17.0,5.0,,3.25
Walsall,4,8.0,8.0,4.0,8.28,6.84,6.440291001956264,5.571140405307215,6.520337271360333,63.42638157422717,5.297161092369168,4,5.571140405307215,,0,8.0,0.0219795253333647,0.0109897626666823,0.0109897626666823,11,19.0,13.0,,5.5,0.0374673897346378,0.0596984416020478,,0.1524024146810846,0.037,0.06095,0.29985,0.16605,,15.889194350372223,0.034958215509323806,-0.0013305560527124079,0.0336276594566114,2.428859594692785,0.8691505966490487,1.5597089980437362,0.9511902279322568,-0.2739793129380468,E3,4.0,3,42,1.377505742117142,1.3903606752505586,5.621811955908451,5.708887812407146,11.270835118929293,Exeter (A) · Rochdale (H) · Port Vale (H) · Tranmere (A),8.0,5.571140405307215,6.440291001956263,4,7.68,7.37,6.29,0.6299999999999999,-0.9099999999999993,[other] Lee Grant appointed 14 May 2026 replacing Darren Byfield. Before 1 Jun cutoff.,66.8567,9.590649879439836,0.0451,0.0189,0.3981,0.1009,0.2198,0.3417,0.3981,0.22290000000000001,0.1645,0.2336,0.0076,9.9897,21.0,21.0,5.0,,2.75
Gillingham,4,3.0,2.0,5.0,4.2,5.050000000000001,5.108505962395174,5.467741622462622,6.534811879100083,63.28933098461085,4.42962416003435,4,5.467741622462622,,0,3.0,0.0188304998700632,0.0094152499350316,0.0094152499350316,12,21.0,15.0,,5.5,0.0338990669027676,0.0517386493884414,,0.1524024146810846,0.0355,0.0632,0.2996,0.16415,,15.888127150026223,-0.004313817087825424,0.014670753761951327,0.010356936674125902,-2.467741622462622,-0.3592356600674478,-2.1085059623951743,-0.9653463110256943,-1.0381174624282723,E3,-3.0,21,42,1.3767045086225769,1.3679404672238071,5.3901172066471705,5.347049081977725,11.173445144942814,Rochdale (A) · Tranmere (H) · Bristol Rovers (H) · York (A),3.0,5.467741622462622,5.108505962395173,4,4.27,4.11,4.33,-2.1100000000000003,-0.08999999999999986,,60.9672,9.335401660346486,0.0096,0.0622,0.1882,0.0264,0.0792,0.1466,0.1882,0.08529999999999999,0.051,0.1372,0.0254,13.6406,51.0,6.0,15.0,,8.0
Colchester,4,7.0,5.0,5.0,5.8100000000000005,5.99,5.434064192685932,5.46610430067455,6.5066108650852,62.794773214271935,5.451902417802197,4,5.46610430067455,,0,7.0,0.0074594353579817,0.0037297176789908,0.0037297176789908,13,23.0,15.0,,6.0,0.0309513219547008,0.0517386493884414,,0.1397022134576609,0.0341,0.06815,0.2784,0.152625,,15.884120511343632,0.005177323567221469,0.0006135057817792926,0.005790829349000761,1.5338956993254502,-0.03204010798861745,1.5659358073140677,0.6013376731328285,-0.014201882872352911,E3,0.0,8,42,1.3649683074666044,1.3641285179181843,5.724654124687284,5.731683242804848,11.303498824443352,Swindon (A) · Crewe (H) · Cheltenham (H) · Shrewsbury (A),7.0,5.46610430067455,5.434064192685932,4,5.06,5.97,5.34,-0.9699999999999998,0.15999999999999925,,64.8445,9.380869882372254,0.0301,0.0269,0.3134,0.0681,0.158,0.2622,0.3134,0.161675,0.1111,0.2023,0.0098,11.2857,26.0,21.0,5.5,,2.875
Northampton,4,3.0,2.0,3.0,3.03,4.23,4.727637009396495,5.51772914452692,6.524623724008453,62.34853373818721,6.057513708807361,4,5.51772914452692,,0,3.0,-0.0028113244796979,-0.0014056622398489,-0.0014056622398489,14,23.0,13.0,,6.5,0.0309513219547008,0.0596984416020478,,0.1289558893455331,0.03155,0.07015,0.27335,0.1475,,15.880296264597693,-0.026685610421067537,0.010943030389714302,-0.015742580031353235,-2.5177291445269203,-0.7900921351304255,-1.7276370093964948,-0.985669394570616,0.5397845642804411,E3,-1.0,18,42,1.3531143950871496,1.3389512195202233,5.635291321019638,5.57316192352614,10.899047027907926,Newport (H) · Shrewsbury (A) · Rotherham (H) · Port Vale (A),3.0,5.51772914452692,4.727637009396495,4,3.09,2.89,4.86,-0.8900000000000001,-0.13999999999999968,[other] Chris Hogg appointed 18 May 2026 (Colin Calderwood interim ended). Before 1 Jun cutoff.,59.7099,9.467351371423806,0.0083,0.0897,0.1556,0.0218,0.061,0.1195,0.1556,0.068375,0.0393,0.1163,0.0411,14.5064,34.0,15.0,9.0,,4.5
Crewe,4,8.0,4.0,2.0,6.359999999999999,4.77,6.416918339821949,5.37294855989342,6.507955378538931,61.84107937025105,5.782981617707142,4,5.37294855989342,,0,8.0,-0.0145040567509346,-0.0072520283754673,-0.0072520283754673,15,26.0,13.0,,6.5,0.0273800155753122,0.0596984416020478,,0.1289558893455331,0.03,0.07655,0.2706,0.145425,,15.875706440506946,0.0001452527843256962,0.0011231429447135844,0.0012683957290392806,2.6270514401065803,1.0439697799285295,1.5830816601780509,1.0297843643850773,0.4100330578137221,E3,2.0,4,42,1.344479305008515,1.359139719660041,5.3522032271991105,5.364040286908239,10.664996776550796,York (H) · Colchester (A) · Shrewsbury (H) · Rotherham (A),8.0,5.37294855989342,6.416918339821949,4,6.45,4.15,6.37,-0.15000000000000036,-2.209999999999999,,65.6312,9.474807995943776,0.0322,0.024,0.3459,0.0781,0.184,0.2908,0.3459,0.181725,0.127,0.2189,0.0091,10.8303,26.0,26.0,5.0,,2.5
Rochdale,4,3.0,4.0,6.0,2.9699999999999998,5.77,3.4040991597369867,5.73476850714549,6.583617753329454,60.24149129634286,5.828214366746063,4,5.73476850714549,,0,3.0,-0.0514618920530101,-0.025730946026505,-0.025730946026505,16,29.0,8.0,,7.0,0.0245476001709696,0.0970099676033277,,0.1197447543922807,0.0234,0.0901,0.2306,0.121325,,15.859560476255467,-0.052946427249956615,-0.029166374116854882,-0.0821128013668115,-2.73476850714549,-2.330669347408503,-0.40409915973698673,-1.065830800063587,0.09344585960057294,E3,-2.0,19,42,1.2977791140285089,1.268734914422501,5.2407268080019875,5.123826113855479,10.448548357607189,Gillingham (H) · Walsall (A) · Oldham (H) · Fleetwood (A),3.0,5.73476850714549,3.4040991597369867,4,3.0,1.75,3.42,2.25,-1.2199999999999998,[manager] Jimmy McNulty left for Stockport 5 Jun 2026; Ian Watson (from South Shields) appointed head coach 9 Jun 2026.,56.7476,9.30327330782016,0.0037,0.1419,0.0886,0.011,0.0329,0.0683,0.0886,0.038125,0.0213,0.0673,0.0659,16.3292,41.0,9.0,13.0,,8.0
Exeter,4,4.0,4.0,4.0,5.49,4.1,6.338054364893208,4.943508031393753,6.248910288079246,58.44149830711664,4.363300773612355,4,4.943508031393753,,0,4.0,-0.0932587239357891,-0.0466293619678945,-0.0466293619678945,17,34.0,6.5,,8.5,0.0209376589693564,0.1193968832040957,,0.0986133271465841,0.01815,0.11075,0.1969,0.0998874999999999,,15.83834504055623,-0.04506698961022677,-0.027965519652718034,-0.0730325092629448,-0.9435080313937529,1.3945463334994548,-2.3380543648932077,-0.3774361177227942,-0.5802072577813977,E3,0.0,15,42,1.2737616732314971,1.292590811185727,4.905195045181497,4.955672110425079,10.068148950611416,Walsall (H) · Port Vale (A) · Tranmere (H) · Bristol Rovers (A),4.0,4.943508031393753,6.338054364893208,4,6.13,5.86,6.67,-1.8600000000000003,0.3700000000000001,,58.8755,9.291695203244684,0.0068,0.0975,0.1301,0.0172,0.0504,0.0997,0.1301,0.05585,0.0311,0.099,0.0435,15.1058,41.0,6.0,17.0,,7.0
Fleetwood,4,6.0,4.0,3.0,4.390000000000001,6.42,4.262652721043898,4.762015207269011,6.22904851880599,57.953974448611206,5.02959887616408,4,4.762015207269011,,0,6.0,-0.1046222938168685,-0.0523111469084342,-0.0523111469084342,18,41.0,7.0,,10.0,0.0173629367062956,0.1108685344038031,,0.0838213280745965,0.01605,0.11465,0.1867,0.0938499999999999,,15.83204354041358,-0.059478322102111514,-0.054762581901518524,-0.11424090400363004,1.2379847927309893,-0.49936248622511314,1.7373472789561024,0.49602601339911717,0.26758366889506924,E3,1.0,12,42,1.2664752200319571,1.2578042549885846,5.3344882744331565,5.32378367807862,10.226243484525849,Shrewsbury (H) · Newport (A) · Barnet (A) · Rochdale (H),6.0,4.762015207269011,4.262652721043898,4,5.0,2.24,4.65,1.7599999999999998,-2.1500000000000004,,59.5144,9.46294841156781,0.0075,0.0923,0.1476,0.0232,0.0631,0.1164,0.1476,0.068475,0.0421,0.1055,0.0423,14.747,41.0,9.0,11.0,,3.5
Tranmere,4,6.0,7.0,5.0,4.58,6.8100000000000005,3.9686176703352127,5.251126420218504,6.441149058894015,57.768800822859234,5.595652872228717,4,5.251126420218504,,0,6.0,-0.1089436213914559,-0.0544718106957279,-0.0544718106957279,19,41.0,6.0,,10.0,0.0173629367062956,0.1293466234711036,,0.0838213280745965,0.01625,0.11975,0.18655,0.094225,,15.829588030406097,-0.06288785301663782,-0.06459532987276817,-0.127483182889406,0.7488735797814963,-1.282508749883291,2.0313823296647873,0.2950712076822723,0.34452645201021337,E3,2.0,10,42,1.2504208191104935,1.2333755924418888,5.022899906915075,4.929785684874544,9.864847510969671,Oldham (H) · Gillingham (A) · Exeter (A) · Walsall (H),6.0,5.251126420218504,3.9686176703352127,4,4.45,6.28,4.11,0.7199999999999998,1.7000000000000002,[other] Darrell Clarke appointed 26 May 2026 (Pete Wild interim ended). Just before 1 Jun cutoff.,58.5203,9.455093225875638,0.0063,0.1122,0.1237,0.0183,0.0503,0.0968,0.1237,0.055825,0.0332,0.0905,0.0514,15.3789,51.0,9.0,13.0,,5.5
Shrewsbury,4,3.0,2.0,8.0,4.9,4.109999999999999,5.951490621818633,4.711063258967409,6.29799312364134,57.27026774283156,4.382708345680224,4,4.711063258967409,,0,3.0,-0.120592302174554,-0.060296151087277,-0.060296151087277,20,41.0,6.5,,11.0,0.0173629367062956,0.1193968832040957,,0.0762012073405423,0.01625,0.124,0.17865,0.0882,,15.822807395685494,-0.06237263057524915,-0.04180989684640934,-0.10418252742165848,-1.7110632589674086,1.2404273628512241,-2.9514906218186328,-0.6818125247872219,-0.3283549132871846,E3,-6.0,22,42,1.251409630568194,1.2650266461835515,5.093805924856922,5.157181107155141,10.019823837624571,Fleetwood (A) · Northampton (H) · Crewe (A) · Colchester (H),3.0,4.711063258967409,5.951490621818633,4,4.52,3.4,5.78,-1.4,-1.5000000000000004,,56.8628,9.260495459747284,0.0031,0.1455,0.0903,0.0092,0.0338,0.0684,0.0903,0.036974999999999994,0.0192,0.0711,0.0684,16.395899999999997,101.0,4.5,21.0,,11.0
Crawley,4,4.0,3.0,5.0,6.37,6.76,5.560324035741667,4.817138550461397,6.320544521061065,56.43722421691408,3.9693786594816123,4,4.817138550461397,,0,4.0,-0.1401066677475265,-0.0700533338737632,-0.0700533338737632,21,41.0,5.0,,13.0,0.0173629367062956,0.1552159481653244,,0.0644779446727665,0.0144,0.1399,0.16865,0.0835625,,15.810924327219976,-0.05845646353043456,-0.07663748791746865,-0.1350939514479032,-0.8171385504613973,0.7431854852802697,-1.560324035741667,-0.32502626143113383,-0.847759890979785,E3,-2.0,17,42,1.2290496587250639,1.2342665427668298,5.024548613803743,5.053440459610849,9.671650560978838,Accrington (A) · Cheltenham (H) · Grimsby (A) · Barnet (H),4.0,4.817138550461397,5.560324035741667,4,5.67,3.98,5.61,-0.98,-2.39,,56.2442,9.355360300918345,0.0029,0.1668,0.0811,0.0086,0.0315,0.062,0.0811,0.0349,0.0195,0.0616,0.0806,16.779899999999998,101.0,4.0,26.0,,13.0
Cheltenham,4,7.0,8.0,7.0,4.529999999999999,6.98,4.047989536666213,4.479177470569532,6.089182276814932,54.47860975768904,4.100073569270419,4,4.479177470569532,,0,7.0,-0.1862543311484685,-0.0931271655742342,-0.0931271655742342,22,51.0,4.3333,,15.0,0.0139584393129043,0.1790967024730856,,0.0558808853830643,0.0106,0.15795,0.13365,0.0641625,,15.78025948263734,-0.09724360152646969,-0.09894836134004338,-0.19619196286651308,2.5208225294304683,-0.43118793390331867,2.952010463333787,1.021557423965417,-0.3791039012991124,E3,1.0,6,42,1.1904626735028454,1.1812360828190378,4.650013673975021,4.597603272713559,9.347932851498195,Grimsby (H) · Crawley (A) · Colchester (A) · Chesterfield (H),7.0,4.479177470569532,4.047989536666213,4,3.62,7.15,3.9,0.8499999999999996,2.620000000000001,,57.1948,9.291332141302483,0.0044,0.1455,0.0948,0.011,0.0353,0.0718,0.0948,0.041025,0.0231,0.0717,0.0709,16.2637,41.0,9.0,13.0,,6.0
Accrington,4,2.0,6.0,9.0,6.87,7.92,5.022640667335446,4.648259110086661,6.230742615369307,53.87850522683506,4.4552572132609995,4,4.648259110086661,,0,2.0,-0.200475016555342,-0.100237508277671,-0.100237508277671,23,67.0,4.5,,15.0,0.0106250806710167,0.1724621646281382,,0.0558808853830643,0.0102,0.17895,0.12935,0.062675,,15.770097960813686,-0.08307544776088577,-0.11587923513610027,-0.19895468289698603,-2.648259110086661,0.3743815572487845,-3.0226406673354456,-1.0609393784197882,-0.1930018968256615,E3,-3.0,23,42,1.172148717065438,1.1739105767106681,4.949582930695206,5.000669743609892,9.680279236979759,Crawley (H) · Barnet (A) · Newport (H) · Swindon (A),2.0,4.648259110086661,5.022640667335446,4,6.37,6.06,5.08,-0.05999999999999961,-0.8100000000000005,,51.8524,9.271494714446007,0.0014,0.3199,0.0325,0.0034,0.0103,0.0225,0.0325,0.012625,0.006,0.0265,0.1809,19.1475,101.0,3.5,34.0,,15.0
Newport,4,4.0,9.0,9.0,4.02,7.51,4.223915294494389,4.166768350998469,5.706998800310657,50.342564118032314,4.037167785825305,4,4.166768350998469,,0,4.0,-0.2851604770949263,-0.1425802385474631,-0.1425802385474631,24,101.0,2.875,,19.0,0.0070483208411695,0.2699407794179554,,0.0441164884603139,0.0046,0.23725,0.0855,0.0393,,15.702915942600496,-0.14989601736242464,-0.14967884857557556,-0.2995748659380002,-0.16676835099846876,0.05714694349591998,-0.22391529449438874,-0.06980873107887257,-0.12960056517316332,E3,0.0,14,42,1.0994237087389012,1.086064872774966,4.567708477284223,4.53742549463092,8.836010721757232,Northampton (A) · Fleetwood (H) · Accrington (A) · Grimsby (H),4.0,4.166768350998469,4.223915294494389,4,4.1,5.76,4.31,3.24,1.7400000000000002,[manager] Christian Fuchs resigned 27 Jun 2026; Chris Todd interim 28 Jun-31 Jul; Hayden Mullins appointed manager 31 Jul 2026.,50.1817,9.16345377627892,0.0005,0.3904,0.0222,0.002,0.0068,0.0165,0.0222,0.008625,0.0041,0.0181,0.2397,19.9845,201.0,3.25,34.0,,15.0
