div,match_id,kickoff,home,away,round,home_pos,away_pos,home_played,away_played,home_luck,away_luck,home_luck_pg,away_luck_pg,home_perf,away_perf,home_perf_pg,away_perf_pg,home_vs_mkt,away_vs_mkt,home_xgd_pg,away_xgd_pg,aug_pH,aug_pD,aug_pA,mkt_pH,mkt_pD,mkt_pA,mkt_source,now_pH,now_pD,now_pA,model_edge_home,model_edge_away,luck_gap,perf_gap,tilt,lean,home_eu,away_eu
E0,E0-Arsenal-Leeds,2026-10-10 12:30:00,Arsenal,Leeds,6,2,5,5,5,2.018730030408653,1.8258950414386268,0.4037460060817306,0.36517900828772537,-0.13200238054792024,0.6340172905283685,-0.02640047610958405,0.1268034581056737,1.8867276498607328,2.4599123319669953,0.9399999999999998,0.09400000000000013,0.7186983376998995,0.17769210021657444,0.10360956208352601,0.7186983376998995,0.17769210021657444,0.10360956208352601,Aug model,0.7107895177819705,0.1825990547408538,0.10661142747717567,-0.007908819917929022,0.003001865393649661,-0.02142610988555846,-0.0851132967862543,-0.4894281860306832,Neutral,True,False
E0,E0-AstonVil-Brentfor,2026-10-10 15:00:00,Aston Villa,Brentford,6,16,4,5,5,-0.6747783108090726,0.9901810335978762,-0.1349556621618145,0.19803620671957525,-2.691561216131511,1.5786013835506045,-0.5383122432263022,0.31572027671012093,-3.3663395269405836,2.5687824171484808,-0.8619999999999999,0.5700000000000001,0.507824654197907,0.2519811235339318,0.24019422226816117,0.507824654197907,0.2519811235339318,0.24019422226816117,Aug model,0.48089241093681256,0.2568701653247669,0.2622374237384205,-0.026932243261094446,0.022043201470259344,0.1849954827118832,-0.4744625110757906,-1.3733260595443852,Away,True,False
E0,E0-Chelsea-Bournemo,2026-10-10 15:00:00,Chelsea,Bournemouth,6,10,17,5,5,0.9277435644099716,-4.964228167576623,0.18554871288199432,-0.9928456335153246,-2.8642546024915445,2.2041789255935615,-0.5728509204983089,0.4408357851187123,-1.9365110380815729,-2.7600492419830616,-0.19800000000000004,0.352,0.5979712471101264,0.22661242338773468,0.17541632950213892,0.5979712471101264,0.22661242338773468,0.17541632950213892,Aug model,0.5726918976241473,0.2349799264730543,0.1923281759027984,-0.025279349485979097,0.016911846400659486,-0.6546635257762884,-0.5631592808983451,-5.0,Away,False,True
E0,E0-Ipswich-Fulham,2026-10-10 15:00:00,Ipswich,Fulham,6,11,19,5,5,-0.5778561126924258,-4.796388262259604,-0.11557122253848515,-0.9592776524519208,2.5534045522359534,1.5922574494162305,0.5106809104471907,0.3184514898832461,1.9755484395435277,-3.204130812843373,-0.4080000000000002,0.19000000000000022,0.31992368799760573,0.26667248806163646,0.4134038239407578,0.31992368799760573,0.26667248806163646,0.4134038239407578,Aug model,0.31762069400828835,0.26643756805345425,0.41594173793825734,-0.002302993989317381,0.00253791399749953,-0.4687257943963531,0.10679412253552475,-1.4661506393578523,Away,False,False
E0,E0-Sunderla-Brighton,2026-10-10 15:00:00,Sunderland,Brighton,6,14,3,5,5,-3.486213781385782,1.7011615064918377,-0.6972427562771564,0.34023230129836757,2.3890685329258456,1.6724751067638373,0.47781370658516914,0.33449502135276743,-1.0971452484599364,3.373636613255675,0.2099999999999998,0.4780000000000001,0.32315029909901033,0.26695449224193846,0.40989520865905127,0.32315029909901033,0.26695449224193846,0.40989520865905127,Aug model,0.3293272918233585,0.26255177964388704,0.40812092853275445,0.006176992724348185,-0.0017742801262968233,0.5763750319864023,0.07962149179577871,2.6734020369235094,Home,True,True
E0,E0-ManUtd-Tottenha,2026-10-10 17:30:00,Man Utd,Tottenham,6,12,20,5,5,-4.181822674489258,-3.617622714645127,-0.8363645348978516,-0.7235245429290253,-0.5119802615171025,-2.6664551449118887,-0.1023960523034205,-0.5332910289823778,-4.69380293600636,-6.284077859557016,1.0179999999999998,-0.694,0.4973972441056238,0.2542365687227733,0.24836618717160291,0.4973972441056238,0.2542365687227733,0.24836618717160291,Aug model,0.516912698429385,0.2505488557341765,0.23253844583643846,0.019515454323761228,-0.015827741335164458,0.06268888442712567,0.23938609815497627,1.3644235649184977,Home,True,False
E0,E0-CrystalP-NottmFor,2026-10-11 14:00:00,Crystal Palace,Nott'm Forest,6,15,13,5,5,-0.11047894970274186,-3.194606432789808,-0.022095789940548373,-0.6389212865579615,-2.0442411596909453,1.8867014307650072,-0.4088482319381891,0.3773402861530014,-2.154720109393687,-1.3079050020248006,-1.052,0.45400000000000007,0.3991613739670621,0.26768997881416157,0.33314864721877635,0.3991613739670621,0.26768997881416157,0.33314864721877635,Aug model,0.3766585425697949,0.2692651411347199,0.3540763162954852,-0.022502831397267165,0.020927669076708844,-0.3426808314541185,-0.4367713989395503,-3.2978315727528127,Away,True,False
E0,E0-Hull-Everton,2026-10-11 14:00:00,Hull,Everton,6,8,7,5,5,2.543035836470607,2.370486058750802,0.5086071672941215,0.4740972117501604,2.5655729859620813,-0.13122811827884018,0.5131145971924163,-0.026245623655768036,5.108608822432688,2.239257940471962,-0.3780000000000001,-0.14399999999999996,0.2031429886851982,0.2392246414485298,0.557632369866272,0.2031429886851982,0.2392246414485298,0.557632369866272,Aug model,0.2162948495570789,0.24825526620812813,0.535449884234793,0.013151860871880694,-0.022182485631478954,-0.01917219752442284,0.2996445671378802,1.227104365428875,Home,False,False
E0,E0-Liverpoo-ManCity,2026-10-11 16:30:00,Liverpool,Man City,6,6,1,5,5,0.9437851453542745,5.780389365505998,0.1887570290708549,1.1560778731011996,-1.8844530751424564,-1.2187675074495417,-0.3768906150284913,-0.24375350148990832,-0.9406679297881819,4.561621858056457,0.4780000000000001,0.71,0.375804574352368,0.26860652228808923,0.35558890335954274,0.375804574352368,0.26860652228808923,0.35558890335954274,Aug model,0.3751640667357816,0.2695644799982351,0.3552714532659833,-0.0006405076165864054,-0.0003174500935594349,0.5374004689057471,-0.07396506307699055,1.8486175623823349,Home,True,True
E0,E0-Coventry-Newcastl,2026-10-12 20:00:00,Coventry,Newcastle,6,18,9,5,5,-1.31712655789351,3.8417927094796642,-0.263425311578702,0.7683585418959329,-0.041643170505340166,-3.097086470747734,-0.008328634101068034,-0.6194172941495468,-1.3587697283988502,0.7447062387319301,-0.8160000000000001,-0.942,0.26734591943314423,0.25876833536327004,0.47388574520358573,0.26734591943314423,0.25876833536327004,0.47388574520358573,Aug model,0.28337351148003065,0.2650557477274051,0.45157074079256426,0.01602759204688642,-0.022315004411021466,0.5732132519303528,0.3394937000269327,3.779048544204233,Home,False,False
E1,E1-WestHam-QPR,2026-10-09 20:00:00,West Ham,QPR,9,2,6,8,8,0.03160206324552384,-0.5458527872856251,0.00395025790569048,-0.06823159841070314,0.3212972751611858,2.5648573088790343,0.04016215939514822,0.3206071636098793,0.3528993384067096,2.019004521593409,1.0137500000000002,0.5700000000000001,0.6238635278853679,0.22863283674724966,0.14750363536738242,0.6238635278853679,0.22863283674724966,0.14750363536738242,Aug model,0.6266121808374678,0.2229924367397026,0.15039538242282957,0.002748652952099917,0.002891747055447147,-0.04812123754426242,-0.18696333614315405,-0.9183490711328666,Neutral,False,False
E1,E1-Charlton-BristolC,2026-10-10 12:30:00,Charlton,Bristol City,9,9,8,8,8,4.486741382810542,2.1329602405187096,0.5608426728513177,0.2666200300648387,-1.5190279864740868,-0.11508505670865432,-0.18987849830926085,-0.01438563208858179,2.967713396336455,2.0178751838100553,-0.8187500000000001,-0.15000000000000013,0.33433786833574564,0.2860452380266117,0.37961689363764267,0.33433786833574564,0.2860452380266117,0.37961689363764267,Aug model,0.32751382208397023,0.28707042193466553,0.3854157559813643,-0.006824046251775406,0.0057988623437216225,-0.19614842852431935,-0.11699524414711937,-1.3071670606999581,Away,False,False
E1,E1-Swansea-Norwich,2026-10-10 12:30:00,Swansea,Norwich,9,1,17,8,8,5.3373114567133495,-2.481421521858545,0.6671639320891687,-0.3101776902323181,1.3750857677415471,0.2906793266880907,0.1718857209676934,0.03633491583601134,6.712397224454897,-2.190742195170454,0.2562500000000001,-0.022499999999999964,0.362480339998011,0.28652591143773476,0.35099374856425425,0.362480339998011,0.28652591143773476,0.35099374856425425,Aug model,0.3738705543069377,0.2830369249362931,0.34309252075676916,0.011390214308926727,-0.00790122780748509,-0.6515610815476578,0.09036720342112137,-2.153653798034732,Away,False,False
E1,E1-WestBrom-Birmingh,2026-10-10 12:30:00,West Brom,Birmingham,9,5,10,8,8,3.6971136622710326,-1.4341322015015336,0.46213920778387907,-0.1792665251876917,-0.28934836676360476,1.4027556229430012,-0.036168545845450595,0.17534445286787514,3.407765295507428,-0.031376578558532486,-0.15749999999999997,0.2687499999999998,0.3728675384479684,0.28630180587220927,0.34083065567982235,0.3728675384479684,0.28630180587220927,0.34083065567982235,Aug model,0.3665186370561657,0.2842006393280868,0.34928072361574747,-0.006348901391802664,0.00845006793592512,-0.4276038219810472,-0.14100866580888383,-2.3252411622941453,Away,False,False
E1,E1-Blackbur-Cardiff,2026-10-10 15:00:00,Blackburn,Cardiff,9,16,21,8,8,1.273847434988169,-6.852162187472283,0.15923092937352112,-0.8565202734340354,-2.373988342839197,4.204769820457042,-0.2967485428548996,0.5255962275571302,-1.1001409078510278,-2.6473923670152413,-0.60125,0.6487499999999999,0.4535462380443455,0.2779569344535659,0.26849682750208853,0.4535462380443455,0.2779569344535659,0.26849682750208853,Aug model,0.4258209888268053,0.2788239773064701,0.29535503386672457,-0.027725249217540215,0.02685820636463604,-0.677167468538371,-0.5482298469413531,-5.0,Away,False,False
E1,E1-Bolton-Stoke,2026-10-10 15:00:00,Bolton,Stoke,9,15,7,8,8,2.0961621397968955,3.5985955762967308,0.26202026747461193,0.44982444703709135,-1.3345453418294504,-1.7914508504119588,-0.1668181677286813,-0.22393135630149485,0.7616167979674451,1.807144725884772,-0.655,-0.35375,0.3280235490093727,0.28570883070376524,0.38626762028686207,0.3280235490093727,0.28570883070376524,0.38626762028686207,Aug model,0.32994794572488717,0.2865656590394433,0.3834863952356695,0.0019243967155144759,-0.0027812250511925485,0.12520278637498625,0.03807545904854237,0.6685081554182303,Neutral,False,False
E1,E1-Derby-Wrexham,2026-10-10 15:00:00,Derby,Wrexham,9,22,14,8,8,-3.1210531743693917,-1.4447487047152379,-0.39013164679617396,-0.18059358808940473,-2.7401804357340467,0.5840996781157806,-0.34252255446675584,0.07301245976447257,-5.861233610103438,-0.8606490265994573,-0.8799999999999999,0.023749999999999938,0.3953052364999162,0.28512142245565847,0.3195733410444253,0.3953052364999162,0.28512142245565847,0.3195733410444253,Aug model,0.3756260288944141,0.28453638900755046,0.33983758209803544,-0.019679207605502125,0.020264241053610133,0.13969203913784617,-0.2770233428208189,-0.706758875575908,Neutral,False,False
E1,E1-Middlesb-Wolves,2026-10-10 15:00:00,Middlesbrough,Wolves,9,3,4,8,7,0.4754936231646969,0.8905350679703066,0.05943670289558711,0.1272192954243295,2.1814382996070236,2.207746088598247,0.27267978745087795,0.31539229837117816,2.6569319227717205,3.0982811565685537,0.7424999999999999,0.7485714285714288,0.3780730829269587,0.28611151921878575,0.3358153978542555,0.3780730829269587,0.28611151921878575,0.3358153978542555,Aug model,0.3819834037087796,0.2824065753503651,0.3356100209408553,0.0039103207818209085,-0.00020537691340022368,0.041333264854787964,-0.018917664905315962,0.12094496605245528,Neutral,False,False
E1,E1-Preston-Millwall,2026-10-10 15:00:00,Preston,Millwall,9,23,11,8,8,-6.298942631958649,-2.520440152581884,-0.7873678289948312,-0.3150550190727355,-0.0611394018104221,2.7259578043384174,-0.0076424252263027626,0.3407447255423022,-6.360082033769071,0.20551765175653358,-0.18499999999999983,0.6425000000000001,0.33728446576570836,0.28617279115926325,0.3765427430750284,0.33728446576570836,0.28617279115926325,0.3765427430750284,Aug model,0.3232031541179793,0.279864068806625,0.3969327770753957,-0.014081311647729078,0.02039003400036732,0.3148752066147304,-0.23225810051240328,0.21781793122747584,Neutral,False,False
E1,E1-Sheffiel-Lincoln,2026-10-10 15:00:00,Sheffield United,Lincoln,9,18,12,8,8,0.8190209400758679,-1.299349659839681,0.10237761750948349,-0.16241870747996012,-3.3982672511418723,3.5770837296328786,-0.42478340639273404,0.4471354662041098,-2.5792463110660044,2.2777340697931976,-0.49750000000000005,0.23124999999999996,0.5619526627410125,0.25095463909808435,0.18709269816090313,0.5619526627410125,0.25095463909808435,0.18709269816090313,Aug model,0.5318526375976929,0.2600435757705061,0.20810378663180107,-0.030100025143319664,0.021011088470897943,-0.17653088332629574,-0.5812792483978959,-3.272040728043324,Away,False,False
E1,E1-Watford-Burnley,2026-10-10 15:00:00,Watford,Burnley,9,20,24,8,8,0.38332724674744334,-4.798907854821646,0.04791590584343042,-0.5998634818527058,-2.1218154108753957,-2.693005168141813,-0.26522692635942446,-0.3366256460177266,-1.7384881641279524,-7.491913022963459,-0.6712500000000001,-0.36125000000000007,0.3289120501668978,0.28576141441958447,0.3853265354135177,0.3289120501668978,0.28576141441958447,0.3853265354135177,Aug model,0.3297981408935704,0.2844561719006178,0.3857456872058118,0.000886090726672617,0.0004191517922941257,-0.43185292513075746,0.04759914643886809,-1.5299263889541765,Away,False,False
E1,E1-Southamp-Portsmou,2026-10-11 12:00:00,Southampton,Portsmouth,9,13,19,8,7,1.8093249688849973,-2.0760107267671053,0.22616562111062466,-0.2965729609667293,0.1204451192932936,0.10923085108990271,0.0150556399116617,0.01560440729855753,1.9297700881782909,-1.9667798756772026,0.20750000000000002,0.10714285714285714,0.4980983396121346,0.26886020727422993,0.2330414531136355,0.4980983396121346,0.26886020727422993,0.2330414531136355,Aug model,0.5015169486062616,0.2647906906712721,0.2336923607224663,0.0034186089941269926,0.0006509076088307975,-0.33950532862833505,0.00010701590263179593,-1.330244378949797,Away,False,False
E1,E1-BristolC-Blackbur,2026-10-13 19:45:00,Bristol City,Blackburn,10,8,16,8,8,2.1329602405187096,1.273847434988169,0.2666200300648387,0.15923092937352112,-0.11508505670865432,-2.373988342839197,-0.01438563208858179,-0.2967485428548996,2.0178751838100553,-1.1001409078510278,-0.15000000000000013,-0.60125,0.45095683935480074,0.2783932974357166,0.2706498632094827,0.45095683935480074,0.2783932974357166,0.2706498632094827,Aug model,0.4571665151159175,0.2776079061736199,0.26522557871046265,0.006209675761116751,-0.005424284499020049,-0.07159273379421172,0.18824194051087853,0.5162742329556013,Neutral,False,False
E1,E1-Burnley-Charlton,2026-10-13 19:45:00,Burnley,Charlton,10,24,9,8,8,-4.798907854821646,4.486741382810542,-0.5998634818527058,0.5608426728513177,-2.693005168141813,-1.5190279864740868,-0.3366256460177266,-0.18987849830926085,-7.491913022963459,2.967713396336455,-0.36125000000000007,-0.8187500000000001,0.5693417162722276,0.24853768832562087,0.1821205954021515,0.5693417162722276,0.24853768832562087,0.1821205954021515,Aug model,0.5670133889072535,0.2503770625946013,0.1826095484981452,-0.0023283273649741254,0.0004889530959936994,0.7738041031360157,-0.09783143180564383,2.6852640664016945,Home,False,False
E1,E1-Cardiff-Watford,2026-10-13 19:45:00,Cardiff,Watford,10,21,20,8,8,-6.852162187472283,0.38332724674744334,-0.8565202734340354,0.04791590584343042,4.204769820457042,-2.1218154108753957,0.5255962275571302,-0.26522692635942446,-2.6473923670152413,-1.7384881641279524,0.6487499999999999,-0.6712500000000001,0.37141215596773547,0.2863457734909329,0.34224207054133166,0.37141215596773547,0.2863457734909329,0.34224207054133166,Aug model,0.40479126336928317,0.27930707002823546,0.31590166660248137,0.0333791074015477,-0.026340403938850288,0.6029574528516438,0.5272154359443697,4.787724414396436,Home,False,False
E1,E1-Millwall-Swansea,2026-10-13 19:45:00,Millwall,Swansea,10,11,1,8,8,-2.520440152581884,5.3373114567133495,-0.3150550190727355,0.6671639320891687,2.7259578043384174,1.3750857677415471,0.3407447255423022,0.1718857209676934,0.20551765175653358,6.712397224454897,0.6425000000000001,0.2562500000000001,0.46174885571142765,0.2765059200758975,0.2617452242126748,0.46174885571142765,0.2765059200758975,0.2617452242126748,Aug model,0.4742349420810025,0.26918272313026087,0.25658233478873665,0.012486086369574823,-0.005162889423938166,0.6548126341079361,0.11257266971640587,3.1694299062539666,Home,False,False
E1,E1-Wolves-Bolton,2026-10-13 19:45:00,Wolves,Bolton,10,4,15,7,8,0.8905350679703066,2.0961621397968955,0.1272192954243295,0.26202026747461193,2.207746088598247,-1.3345453418294504,0.31539229837117816,-0.1668181677286813,3.0982811565685537,0.7616167979674451,0.7485714285714288,-0.655,0.5996612973116615,0.2379107573699585,0.16242794531837998,0.5996612973116615,0.2379107573699585,0.16242794531837998,Aug model,0.6182797756504474,0.22971408009399405,0.1520061442555585,0.018618478338785938,-0.010421801062821479,0.09372244486456191,0.31191630169168877,1.77150281293529,Home,False,False
E1,E1-Wrexham-WestBrom,2026-10-13 19:45:00,Wrexham,West Brom,10,14,5,8,8,-1.4447487047152379,3.6971136622710326,-0.18059358808940473,0.46213920778387907,0.5840996781157806,-0.28934836676360476,0.07301245976447257,-0.036168545845450595,-0.8606490265994573,3.407765295507428,0.023749999999999938,-0.15749999999999997,0.44178989425137016,0.27985318705340295,0.2783569186952269,0.44178989425137016,0.27985318705340295,0.2783569186952269,Aug model,0.4446801744230944,0.28046132298246573,0.2748585025944399,0.0028902801717242133,-0.003498416100786994,0.42848853058218916,0.07278733707328211,2.028225711995679,Home,False,False
E1,E1-Birmingh-Preston,2026-10-13 20:00:00,Birmingham,Preston,10,10,23,8,8,-1.4341322015015336,-6.298942631958649,-0.1792665251876917,-0.7873678289948312,1.4027556229430012,-0.0611394018104221,0.17534445286787514,-0.0076424252263027626,-0.031376578558532486,-6.360082033769071,0.2687499999999998,-0.18499999999999983,0.5209455470292281,0.26308466874406183,0.21596978422671004,0.5209455470292281,0.26308466874406183,0.21596978422671004,Aug model,0.5316267457928345,0.25791751442255606,0.2104557397846094,0.010681198763606403,-0.00551404444210063,-0.4054008692047596,0.12199125206278527,-1.048188878459046,Away,False,False
E1,E1-Stoke-Middlesb,2026-10-13 20:00:00,Stoke,Middlesbrough,10,7,3,8,8,3.5985955762967308,0.4754936231646969,0.44982444703709135,0.05943670289558711,-1.7914508504119588,2.1814382996070236,-0.22393135630149485,0.27267978745087795,1.807144725884772,2.6569319227717205,-0.35375,0.7424999999999999,0.36791734047739594,0.2864347153973778,0.3456479441252263,0.36791734047739594,0.2864347153973778,0.3456479441252263,Aug model,0.3487775782915071,0.2853866096279092,0.3658358120805838,-0.019139762185888864,0.020187867955357486,-0.2602584960943361,-0.3310740958349152,-2.5184484652041164,Away,False,False
E1,E1-Norwich-Southamp,2026-10-14 19:45:00,Norwich,Southampton,10,17,13,8,8,-2.481421521858545,1.8093249688849973,-0.3101776902323181,0.22616562111062466,0.2906793266880907,0.1204451192932936,0.03633491583601134,0.0150556399116617,-2.190742195170454,1.9297700881782909,-0.022499999999999964,0.20750000000000002,0.40497751674293747,0.2843302388079292,0.31069224444913335,0.40497751674293747,0.2843302388079292,0.31069224444913335,Aug model,0.4071953132702605,0.27810473088358567,0.31469995584615384,0.0022177965273230127,0.004007711397020497,0.35756220756196183,0.014186183949566424,1.5047359382646972,Home,False,False
E1,E1-Portsmou-Sheffiel,2026-10-14 19:45:00,Portsmouth,Sheffield United,10,19,18,7,8,-2.0760107267671053,0.8190209400758679,-0.2965729609667293,0.10237761750948349,0.10923085108990271,-3.3982672511418723,0.01560440729855753,-0.42478340639273404,-1.9667798756772026,-2.5792463110660044,0.10714285714285714,-0.49750000000000005,0.353495391732661,0.2865485104735509,0.3599560977937881,0.353495391732661,0.2865485104735509,0.3599560977937881,Aug model,0.3673672310236338,0.28691887754646184,0.3457138914299044,0.013871839290972798,-0.014242206363883736,0.25697999289424095,0.29311901496696535,2.3113707457726074,Home,False,False
E1,E1-QPR-Derby,2026-10-14 19:45:00,QPR,Derby,10,6,22,8,8,-0.5458527872856251,-3.1210531743693917,-0.06823159841070314,-0.39013164679617396,2.5648573088790343,-2.7401804357340467,0.3206071636098793,-0.34252255446675584,2.019004521593409,-5.861233610103438,0.5700000000000001,-0.8799999999999999,0.3783268785872438,0.28610093072863196,0.33557219068412425,0.3783268785872438,0.28610093072863196,0.33557219068412425,Aug model,0.41352634094532276,0.27926242961326403,0.30721122944141327,0.03519946235807897,-0.02836096124271098,-0.21460003225698054,0.44208647871775675,1.1915414847077366,Home,False,False
E1,E1-Lincoln-WestHam,2026-10-14 20:00:00,Lincoln,West Ham,10,12,2,8,8,-1.299349659839681,0.03160206324552384,-0.16241870747996012,0.00395025790569048,3.5770837296328786,0.3212972751611858,0.4471354662041098,0.04016215939514822,2.2777340697931976,0.3528993384067096,0.23124999999999996,1.0137500000000002,0.17424331558225442,0.24449433323384837,0.5812623511838971,0.17424331558225442,0.24449433323384837,0.5812623511838971,Aug model,0.17962191218681567,0.24078572438592125,0.5795923634272631,0.005378596604561248,-0.0016699877566340726,0.11091264359043372,0.271315537872641,1.571941498688789,Home,False,False
E2,E2-NottsCou-Oxford,2026-10-10 12:30:00,Notts County,Oxford,10,20,10,7,6,-1.9076406457611537,3.4675161384332664,-0.2725200922515934,0.5779193564055444,0.6109814723843989,-0.40244612300363425,0.08728306748348556,-0.06707435383393905,-1.2966591733767547,3.065070015429632,-0.13999999999999982,-0.3583333333333334,0.38577355482383324,0.28439057868068135,0.3298358664954854,0.38577355482383324,0.28439057868068135,0.3298358664954854,Aug model,0.3940641606392077,0.28337854833878307,0.32255729102200925,0.008290605815374441,-0.0072785754734761565,0.5201734907307042,0.09578838251712696,2.53017233951432,Home,False,False
E2,E2-Plymouth-AFCWimbl,2026-10-10 12:30:00,Plymouth,AFC Wimbledon,10,1,9,9,8,2.6100685245924176,3.4161585444779288,0.29000761384360196,0.4270198180597411,0.4576998427260648,-0.965788041043929,0.05085553808067386,-0.12072350513049113,3.0677683673184823,2.4503705034339998,0.18555555555555575,-0.42874999999999996,0.5374594687648033,0.2574169025300491,0.20512362870514755,0.5374594687648033,0.2574169025300491,0.20512362870514755,Aug model,0.5425872903821936,0.25655821672781054,0.2008544928899959,0.005127821617390227,-0.004269135815151648,0.08390537681476959,0.11569001696335804,0.8394041480516323,Neutral,False,False
E2,E2-Bradford-LeytonOr,2026-10-10 15:00:00,Bradford,Leyton Orient,10,2,11,8,8,5.515743340950657,3.144508530491003,0.6894679176188321,0.3930635663113754,-0.46485846843621026,-3.463150906861988,-0.05810730855452628,-0.4328938633577485,5.050884872514446,-0.3186423763709847,0.028750000000000053,-0.8474999999999999,0.4680766279437587,0.27411938704960676,0.25780398500663454,0.4680766279437587,0.27411938704960676,0.25780398500663454,Aug model,0.48285992420602386,0.2746143442425831,0.24252573155139306,0.014783296262265155,-0.015278253455241475,-0.1976029008716378,0.24985770320214812,0.32728557942016256,Neutral,False,False
E2,E2-Cambridg-Blackpoo,2026-10-10 15:00:00,Cambridge,Blackpool,10,6,15,8,7,3.4396633656467674,-1.619736775326869,0.42995792070584593,-0.23139096790383842,-0.6892427061971542,-0.3298481274912408,-0.08615533827464428,-0.04712116107017726,2.7504206594496132,-1.9495849028181098,-0.33499999999999996,-0.015714285714285885,0.3556122377018713,0.2851668665582968,0.35922089573983185,0.3556122377018713,0.2851668665582968,0.35922089573983185,Aug model,0.35633476764594507,0.2776817941220642,0.36598343823199075,0.0007225299440737909,0.006762542492158907,-0.4338874115608854,-0.02745069877480156,-1.8395722017901575,Away,False,False
E2,E2-Doncaste-Burton,2026-10-10 15:00:00,Doncaster,Burton,10,21,8,7,9,-4.367557185900928,3.6885268900582187,-0.6239367408429898,0.40983632111757984,0.9558168104873506,-2.5360341867878766,0.13654525864105008,-0.2817815763097641,-3.4117403754135776,1.152492703270342,0.20285714285714285,-0.7977777777777778,0.45379397216054645,0.2766896872449287,0.2695163405945249,0.45379397216054645,0.2766896872449287,0.2695163405945249,Aug model,0.4712985152718766,0.27547932661743313,0.25322215811069027,0.01750454311133015,-0.01629418248383463,0.6807834909605068,0.2819719901468685,3.9910582693201424,Home,False,False
E2,E2-Huddersf-Sheffiel,2026-10-10 15:00:00,Huddersfield,Sheffield Wed,10,3,4,8,7,-2.2957710023449103,1.6533710138292008,-0.2869713752931138,0.23619585911845725,4.836997375629574,0.8593367829400531,0.6046246719536967,0.12276239756286474,2.5412263732846636,2.512707796769254,1.4412500000000001,0.8042857142857142,0.38169504417272904,0.2845964745249835,0.3337084813022875,0.38169504417272904,0.2845964745249835,0.3337084813022875,Aug model,0.4035953867539084,0.27774633217832695,0.31865828106776467,0.021900342581179344,-0.015050200234522804,0.3416207059980638,0.3249615889139748,2.841531920297589,Home,False,False
E2,E2-Leiceste-Peterbor,2026-10-10 15:00:00,Leicester,Peterborough,10,14,23,7,8,-0.7807583890618144,-6.059012359555968,-0.11153691272311635,-0.757376544944496,-2.4077700079108446,1.1461033565780596,-0.3439671439872635,0.14326291957225745,-3.188528396972659,-4.912909002977909,-0.005714285714285593,-0.10749999999999993,0.588667706756655,0.2409620988333854,0.17037019440995957,0.588667706756655,0.2409620988333854,0.17037019440995957,Aug model,0.5784566031769325,0.24219412802363335,0.17934926879943416,-0.010211103579722547,0.008979074389474595,-0.43393966126040817,-0.31439679558552114,-3.0750346560214976,Away,False,False
E2,E2-MKDons-Reading,2026-10-10 15:00:00,MK Dons,Reading,10,22,7,7,8,-3.78127564986276,-2.7610100194577143,-0.54018223569468,-0.3451262524322143,-0.027011905186753893,3.4618553530473513,-0.003858843598107699,0.4327319191309189,-3.808287555049514,0.700845333589637,0.09000000000000011,0.8012499999999998,0.45028901140519695,0.2772723815437559,0.27243860705104717,0.45028901140519695,0.2772723815437559,0.27243860705104717,Aug model,0.43738595489065,0.27515826410792615,0.2874557810014238,-0.012903056514546929,0.015017173950376661,0.11366816351756262,-0.2909435738315296,-0.8123260933722433,Neutral,False,False
E2,E2-Mansfiel-Bromley,2026-10-10 15:00:00,Mansfield,Bromley,10,17,19,7,7,0.1044013213031274,2.9008146985934005,0.014914474471875343,0.41440209979905723,-0.9474239132103648,-2.926367685648886,-0.1353462733157664,-0.41805252652126945,-0.8430225919072374,-0.025552987055485588,-0.4228571428571427,-1.258571428571429,0.4831119963287649,0.27108173983221157,0.24580626383902354,0.4831119963287649,0.27108173983221157,0.24580626383902354,Aug model,0.4989725783300998,0.2658353743930517,0.2351920472768485,0.01586058200133489,-0.010614216562175038,0.2542193979354794,0.17990397931259283,1.863378165002968,Home,False,False
E2,E2-Stevenag-Wigan,2026-10-10 15:00:00,Stevenage,Wigan,10,13,24,7,7,-0.14543932899296053,-5.8625128578703976,-0.02077704699899436,-0.8375018368386282,0.02547267416574961,0.519285785696475,0.003638953452249944,0.074183683670925,-0.11996665482721092,-5.343227072173923,-0.011428571428571312,0.03571428571428571,0.404625719529706,0.2830468945838024,0.31232738588649156,0.404625719529706,0.2830468945838024,0.31232738588649156,Aug model,0.404153861853795,0.28319025984013885,0.31265587830606617,-0.0004718576759110138,0.00032849241957461084,-0.519733957170676,-0.044892101048247764,-2.2622790942829836,Away,False,False
E2,E2-Stockpor-Barnsley,2026-10-10 15:00:00,Stockport,Barnsley,10,5,18,8,7,-0.8489424913211998,-1.9656350269805678,-0.10611781141514998,-0.28080500385436685,3.0680122748704974,0.6532431728300061,0.3835015343588122,0.09332045326142945,2.2190697835492976,-1.3123918541505617,0.6012499999999998,0.024285714285714275,0.4609858577133693,0.2754344414312671,0.2635797008553636,0.4609858577133693,0.2754344414312671,0.2635797008553636,Aug model,0.477968804434015,0.2691200892815184,0.25291110628446656,0.01698294672064571,-0.010668594570897028,-0.10794888575176984,0.19628194658799542,0.489195817110068,Neutral,False,False
E2,E2-Wycombe-Luton,2026-10-10 15:00:00,Wycombe,Luton,10,12,16,8,7,-1.0287467496815452,-4.105866707191087,-0.12859334371019315,-0.5865523867415838,0.21311005059069643,0.9981401998245136,0.026638756323837054,0.14259145711778767,-0.8156366990908488,-3.107726507366573,-0.04875000000000007,0.5285714285714286,0.3643371347775286,0.28512269752793845,0.35054016769453294,0.3643371347775286,0.28512269752793845,0.35054016769453294,Aug model,0.360817634485084,0.2828298675632427,0.35635249795167334,-0.0035195002924445773,0.005812330257140397,-0.2875317139378488,-0.07298084728330685,-1.4702062472241793,Away,False,False
E2,E2-Mansfiel-Oxford,2026-10-15 20:00:00,Mansfield,Oxford,11,17,10,7,6,0.1044013213031274,3.4675161384332664,0.014914474471875343,0.5779193564055444,-0.9474239132103648,-0.40244612300363425,-0.1353462733157664,-0.06707435383393905,-0.8430225919072374,3.065070015429632,-0.4228571428571427,-0.3583333333333334,0.389902074619892,0.28415102981034007,0.3259468955697679,0.389902074619892,0.28415102981034007,0.3259468955697679,Aug model,0.3907391204258669,0.282614924438121,0.32664595513601213,0.0008370458059748787,0.00069905956624422,0.33726058463395137,-0.04588483435512428,1.1721993675631075,Home,False,False
E3,E3-Oldham-Accringt,2026-10-10 12:30:00,Oldham,Accrington,10,21,16,8,9,-4.6069097604625515,-2.556239496515733,-0.5758637200578189,-0.28402661072397034,0.6006420011641893,1.460587833075273,0.07508025014552366,0.16228753700836368,-4.006267759298362,-1.09565166344046,0.1787500000000002,0.02333333333333323,0.4941020173843481,0.27124229869061167,0.23465568392504021,0.4941020173843481,0.27124229869061167,0.23465568392504021,Aug model,0.49486885752260784,0.26811935133199516,0.23701179114539694,0.0007668401382597279,0.002356107220356729,0.18727533928092543,-0.062299410139543696,0.5060384376716047,Neutral,False,False
E3,E3-Swindon-Crewe,2026-10-10 12:30:00,Swindon,Crewe,10,13,3,9,9,2.8468491915819705,2.7180563767925605,0.3163165768424412,0.3020062640880623,-4.0086958377806905,0.22844265600335234,-0.44541064864229896,0.025382517333705817,-1.16184664619872,2.946499032795913,-0.7855555555555556,0.018888888888888882,0.42221666405132297,0.2841432811837392,0.2936400547649378,0.42221666405132297,0.2841432811837392,0.2936400547649378,Aug model,0.40101948802901766,0.2858248757547627,0.31315563621621967,-0.02119717602230531,0.01951558145128185,-0.009907139599185377,-0.32593373029108025,-1.512940887739505,Away,False,False
E3,E3-BristolR-Barnet,2026-10-10 15:00:00,Bristol Rovers,Barnet,10,5,2,9,7,0.45223493675150905,3.4131848469275408,0.05024832630572323,0.487597835275363,0.7594851308570849,0.705258729070616,0.08438723676189833,0.100751247010088,1.211720067608594,4.118443575998157,0.5555555555555556,0.4757142857142857,0.4182651369936008,0.284612936585389,0.2971219264210102,0.4182651369936008,0.284612936585389,0.2971219264210102,Aug model,0.4251664490580219,0.28006676369653083,0.29476678724544725,0.006901312064421128,-0.002355139175562959,0.27550222871182817,-0.00569249677265786,1.1344494242720502,Home,False,False
E3,E3-Cheltenh-Salford,2026-10-10 15:00:00,Cheltenham,Salford,10,4,1,9,9,4.970119705034149,2.862940650950817,0.5522355227815721,0.318104516772313,-0.315407124682185,-1.7894675863998089,-0.03504523607579833,-0.19882973182220098,4.654712580351964,1.073473064551008,-0.44333333333333336,0.16555555555555557,0.2603669802057976,0.27807230556828344,0.46156071422591893,0.2603669802057976,0.27807230556828344,0.46156071422591893,Aug model,0.2632835000622519,0.2789692889577327,0.4577472109800154,0.002916519856454247,-0.0038135032459035156,-0.1620906964679486,0.11338926628597107,-0.17147356187627616,Neutral,False,False
E3,E3-Crawley-Chesterf,2026-10-10 15:00:00,Crawley,Chesterfield,10,24,8,7,9,-4.007823530680719,-3.6186731855494756,-0.5725462186686742,-0.4020747983943862,-0.5915406624233093,4.518710619065743,-0.08450580891761561,0.5020789576739715,-4.599364193104028,0.9000374335162675,-0.5357142857142855,0.9011111111111109,0.3282233380571038,0.28752891019526716,0.38424775174762904,0.3282233380571038,0.28752891019526716,0.38424775174762904,Aug model,0.30679061382774386,0.2772465028315911,0.41596288334066506,-0.021432724229359934,0.03171513159303602,0.0859881178867491,-0.4013695484001832,-1.4329875158886158,Away,False,False
E3,E3-Fleetwoo-Walsall,2026-10-10 15:00:00,Fleetwood,Walsall,10,18,7,9,8,0.5542095037293304,1.0492838676902778,0.06157883374770338,0.13116048346128473,-1.499347965978398,1.7577637710940568,-0.16659421844204422,0.2197204713867571,-0.9451384622490675,2.8070476387843346,-0.5266666666666665,0.3262499999999997,0.3686595752536723,0.2881575044434683,0.34318292030285935,0.3686595752536723,0.2881575044434683,0.34318292030285935,Aug model,0.3576171337241665,0.284097982696727,0.35828488357910654,-0.011042441529505842,0.015101963276247188,0.044808822020651576,-0.2618147731792533,-0.9563633368704536,Neutral,False,False
E3,E3-Newport-Colchest,2026-10-10 15:00:00,Newport,Colchester,10,15,19,9,8,-2.3093492254864234,-0.2203695421934082,-0.2565943583873804,-0.027546192774176026,2.633306300804671,-0.9703888831684253,0.2925895889782968,-0.12129861039605316,0.3239570753182477,-1.1907584253618335,-0.16999999999999993,-0.16374999999999984,0.31867332969858164,0.286871143907731,0.39445552639368736,0.31867332969858164,0.286871143907731,0.39445552639368736,Aug model,0.32922205474617644,0.28742510757347645,0.38335283768034717,0.010548725047594798,-0.011102688713340192,0.1592781195982229,0.2834277634028563,1.8552133323850752,Home,False,False
E3,E3-PortVale-Grimsby,2026-10-10 15:00:00,Port Vale,Grimsby,10,23,9,7,9,-4.305495263338324,-2.8281349102629605,-0.6150707519054749,-0.3142372122514401,-0.669595169641342,1.5530780616689572,-0.095656452805906,0.17256422907432858,-4.975090432979666,-1.2750568485940033,-0.03285714285714279,0.6266666666666667,0.4080199942206278,0.2857062773377344,0.30627372844163786,0.4080199942206278,0.2857062773377344,0.30627372844163786,Aug model,0.3965194780719543,0.2881106369591683,0.3153698849688774,-0.011500516148673479,0.009096156527239552,0.17385982105248707,-0.1803398313545173,-0.1179241703975088,Neutral,False,False
E3,E3-Rotherha-Gillingh,2026-10-10 15:00:00,Rotherham,Gillingham,10,17,10,9,9,-3.8096417336430264,1.8004493611143069,-0.42329352596033626,0.20004992901270077,1.6543772238068861,-1.4487565322087725,0.18381969153409847,-0.16097294802319695,-2.1552645098361403,0.3516928289055343,0.29999999999999993,-0.23444444444444437,0.41709194753560186,0.2847472743548396,0.29816077810955854,0.41709194753560186,0.2847472743548396,0.29816077810955854,Aug model,0.43155885853357745,0.28464766752205023,0.2837934739443723,0.01446691099797559,-0.014367304165186223,0.4315454688274872,0.23870259661658916,2.79672754976011,Home,False,False
E3,E3-Shrewsbu-Exeter,2026-10-10 15:00:00,Shrewsbury,Exeter,10,14,20,9,9,-1.4557614177604936,-3.3773571993338116,-0.16175126864005485,-0.37526191103709017,1.663614632002922,1.146077789669972,0.18484607022254687,0.1273419766299969,0.2078532142424283,-2.2312794096638395,0.036666666666666674,0.03555555555555559,0.39974347668311005,0.28645596162379744,0.3138005616930925,0.39974347668311005,0.28645596162379744,0.3138005616930925,Aug model,0.396921029572626,0.2919841663847106,0.31109480404266343,-0.002822447110484072,-0.002705757650429075,-0.14781506012102447,0.039810526333303814,-0.4545977120347552,Neutral,False,False
E3,E3-Tranmere-Rochdale,2026-10-10 15:00:00,Tranmere,Rochdale,10,12,11,9,9,1.3997397148692468,4.317001067299412,0.15552663498547187,0.47966678525549017,-1.6778357529597354,-3.729532264898875,-0.18642619477330394,-0.41439247387765277,-0.27809603809048866,0.5874688024005366,-0.49222222222222217,-0.5877777777777778,0.3902218794254697,0.2871671248003336,0.3226109957741967,0.3902218794254697,0.2871671248003336,0.3226109957741967,Aug model,0.3988914372919522,0.2854928988355667,0.3156156638724811,0.008669557866482491,-0.00699533190171564,0.224404719417705,0.15782280861070305,1.5982665750454923,Home,False,False
E3,E3-York-Northamp,2026-10-10 15:00:00,York,Northampton,10,6,22,8,7,-0.2955731309884939,-1.6615192419777767,-0.03694664137356174,-0.23735989171111097,2.836007221764417,-2.40259356686102,0.3545009027205521,-0.3432276524087171,2.540434090775923,-4.0641128088387966,0.685,-0.3385714285714287,0.4399757255890233,0.2817114794146775,0.2783127949962992,0.4399757255890233,0.2817114794146775,0.2783127949962992,Aug model,0.46208020378402603,0.27924199030559,0.258677805910384,0.02210447819500272,-0.01963498908591521,-0.12641610956712035,0.45475153213440017,1.490177515829141,Home,False,False
