div,team,market,odds,odds_frac,bookmaker,as_of,p_market,p_market_raw,overround,p_model,p_then,edge,ev,fair_odds,kelly,price_move,p_blend,ev_blend,flag
E0,Hull,relegation,1.4,2/5,bet365,2026-09-04,0.6298230401638155,0.7142857142857143,1.1341054053848685,0.8077,0.7254681982819675,0.17787695983618446,0.1307799999999999,1.238083446824316,0.3269499999999998,-0.095645158118152,0.7187615200819077,0.006266128114670755,True
E0,Coventry,relegation,1.4444,4/9,bet365,2026-09-04,0.6104626531634878,0.6923289947382997,1.1341054053848685,0.6635,0.5540039696693146,0.05303734683651218,-0.04164060000000014,1.5071590052750565,0.0,0.056458683494173156,0.6369813265817439,-0.07994417188532921,True
E0,Ipswich,relegation,2.2,6/5,bet365,2026-09-04,0.4007964801042462,0.45454545454545453,1.1341054053848685,0.5765,0.5389141004942187,0.17570351989575383,0.2683000000000002,1.7346053772766694,0.22358333333333347,-0.13811762038997255,0.4886482400521231,0.07502612811467091,True
E0,Sunderland,relegation,3.5,5/2,bet365,2026-09-04,0.2519292160655262,0.2857142857142857,1.1341054053848685,0.2041,0.23214982345022955,-0.0478292160655262,-0.28564999999999996,4.899559039686428,0.0,0.019779392615296654,0.2280146080327631,-0.20194887188532917,False
E0,Fulham,relegation,3.5,5/2,bet365,2026-09-04,0.2519292160655262,0.2857142857142857,1.1341054053848685,0.2103,0.13393259045205552,-0.04162921606552622,-0.26395,4.755111745126011,0.0,0.11799662561347068,0.2311146080327631,-0.19109887188532915,False
E0,Crystal Palace,relegation,3.75,11/4,bet365,2026-09-04,0.23513393499449112,0.26666666666666666,1.1341054053848685,0.1673,0.12436597684833728,-0.06783393499449111,-0.372625,5.977286312014345,0.0,0.11076795814615384,0.20121696749724555,-0.24543637188532919,False
E0,Nott'm Forest,relegation,8.0,7/1,bet365,2026-09-04,0.1102190320286677,0.125,1.1341054053848685,0.0818,0.09672909310426232,-0.028419032028667704,-0.3456,12.224938875305623,0.0,0.013489938924405379,0.09600951601433386,-0.23192387188532915,False
E0,Leeds,relegation,11.0,10/1,bet365,2026-09-04,0.08015929602084924,0.09090909090909091,1.1341054053848685,0.0825,0.13393259045205552,0.00234070397915076,-0.09249999999999992,12.121212121212121,0.0,-0.05377329443120628,0.08132964801042462,-0.1053738718853291,False
E0,Everton,relegation,11.0,10/1,bet365,2026-09-04,0.08015929602084924,0.09090909090909091,1.1341054053848685,0.0444,0.0870561837938361,-0.03575929602084924,-0.5116,22.52252252252252,0.0,-0.006896887772986859,0.062279648010424626,-0.3149238718853291,False
E0,Bournemouth,relegation,13.0,12/1,bet365,2026-09-04,0.06782709663302627,0.07692307692307693,1.1341054053848685,0.0702,0.0870561837938361,0.002372903366973725,-0.08740000000000003,14.245014245014245,0.0,-0.01922908716080983,0.06901354831651313,-0.10282387188532938,False
E0,Tottenham,relegation,13.0,12/1,bet365,2026-09-04,0.06782709663302627,0.07692307692307693,1.1341054053848685,0.0091,0.02123321555947222,-0.05872709663302628,-0.8817,109.89010989010988,0.0,0.046593881073554055,0.038463548316513135,-0.49997387188532927,False
E0,Man City,relegation,15.0,14/1,bet365,2026-09-04,0.05878348374862278,0.06666666666666667,1.1341054053848685,0.0,8.70561837938361e-07,-0.05878348374862278,-1.0,inf,0.0,0.05878261318678484,0.02939174187431139,-0.5591238718853291,False
E0,Newcastle,relegation,21.0,20/1,bet365,2026-09-04,0.0419882026775877,0.047619047619047616,1.1341054053848685,0.021,0.07914198526712372,-0.020988202677587695,-0.5589999999999999,47.61904761904761,0.0,-0.03715378258953603,0.03149410133879385,-0.33862387188532916,False
E0,Aston Villa,relegation,21.0,20/1,bet365,2026-09-04,0.0419882026775877,0.047619047619047616,1.1341054053848685,0.0155,0.017069839959575703,-0.026488202677587697,-0.6745,64.51612903225806,0.0,0.024918362718011993,0.028744101338793848,-0.39637387188532913,False
E0,Brighton,relegation,26.0,25/1,bet365,2026-09-04,0.03391354831651314,0.038461538461538464,1.1341054053848685,0.0163,0.037850514692972216,-0.01761354831651314,-0.5762,61.34969325153375,0.0,-0.003936966376459079,0.025106774158256566,-0.3472238718853293,False
E0,Brentford,relegation,34.0,33/1,bet365,2026-09-04,0.025933889889098283,0.029411764705882353,1.1341054053848685,0.0292,0.09672909310426232,0.0032661101109017175,-0.007199999999999984,34.24657534246575,0.0,-0.07079520321516404,0.027566944944549143,-0.06272387188532913,False
E0,Chelsea,relegation,251.0,250/1,bet365,2026-09-04,0.003512957196132835,0.00398406374501992,1.1341054053848685,0.0,0.017069839959575703,-0.003512957196132835,-1.0,inf,0.0,-0.013556882763442869,0.0017564785980664175,-0.5591238718853292,False
E0,Man Utd,relegation,251.0,250/1,bet365,2026-09-04,0.003512957196132835,0.00398406374501992,1.1341054053848685,0.0003,0.005765310185022258,-0.003212957196132835,-0.9247,3333.3333333333335,0.0,-0.002252352988889423,0.0019064785980664174,-0.5214738718853292,False
E0,Liverpool,relegation,251.0,250/1,bet365,2026-09-04,0.003512957196132835,0.00398406374501992,1.1341054053848685,0.0003,0.005765310185022258,-0.003212957196132835,-0.9247,3333.3333333333335,0.0,-0.002252352988889423,0.0019064785980664174,-0.5214738718853292,False
E0,Arsenal,relegation,1501.0,1500/1,bet365,2026-09-04,0.0005874432086804408,0.0006662225183211193,1.1341054053848685,0.0,0.005765310185022258,-0.0005874432086804408,-1.0,inf,0.0,-0.005177866976341817,0.0002937216043402204,-0.5591238718853292,False
E0,Arsenal,title,1.8333,5/6,bet365,2026-09-04,0.4838231097385902,0.5454644629902362,1.1274047312145772,0.4488,0.3410582830238814,-0.03502310973859024,-0.17721496000000003,2.2281639928698755,0.0,0.1427648267147088,0.4663115548692951,-0.14511102645812135,False
E0,Man City,title,4.0,3/1,bet365,2026-09-04,0.22174822677093936,0.25,1.1274047312145772,0.3194,0.2273721886825876,0.09765177322906066,0.27760000000000007,3.1308703819661865,0.09253333333333336,-0.00562396191164824,0.27057411338546966,0.08229645354187864,True
E0,Chelsea,title,6.5,11/2,bet365,2026-09-04,0.136460447243655,0.15384615384615385,1.1274047312145772,0.0974,0.09473841195107816,-0.039060447243655,-0.3669,10.26694045174538,0.0,0.04172203529257684,0.1169302236218275,-0.23995354645812117,False
E0,Liverpool,title,17.0,16/1,bet365,2026-09-04,0.05217605335786808,0.058823529411764705,1.1274047312145772,0.0679,0.13117626270149285,0.01572394664213192,0.1543000000000001,14.727540500736376,0.009643750000000006,-0.07900020934362477,0.06003802667893404,0.020646453541878662,False
E0,Man Utd,title,19.0,18/1,bet365,2026-09-04,0.0466838372149346,0.05263157894736842,1.1274047312145772,0.0555,0.10658071344496294,0.008816162785065404,0.05449999999999999,18.01801801801802,0.0030277777777777772,-0.05989687623002834,0.0510919186074673,-0.029253546458121282,False
E0,Tottenham,title,81.0,80/1,bet365,2026-09-04,0.010950529717083424,0.012345679012345678,1.1274047312145772,0.0045,0.04060217655046207,-0.006450529717083425,-0.6355,222.22222222222223,0.0,-0.029651646833378644,0.0077252648585417125,-0.37425354645812126,False
E0,Aston Villa,title,101.0,100/1,bet365,2026-09-04,0.008782107990928292,0.009900990099009901,1.1274047312145772,0.0017,0.025077814928226572,-0.0070821079909282915,-0.8283,588.2352941176471,0.0,-0.01629570693729828,0.005241053995464146,-0.4706535464581213,False
E0,Brighton,title,101.0,100/1,bet365,2026-09-04,0.008782107990928292,0.009900990099009901,1.1274047312145772,0.0024,0.0056466603149649235,-0.006382107990928292,-0.7576,416.6666666666667,0.0,0.003135447675963368,0.0055910539954641455,-0.4353035464581213,False
E0,Brentford,title,101.0,100/1,bet365,2026-09-04,0.008782107990928292,0.009900990099009901,1.1274047312145772,0.001,0.003396994850835472,-0.007782107990928292,-0.899,1000.0,0.0,0.00538511314009282,0.004891053995464146,-0.5060035464581212,False
E0,Newcastle,title,151.0,150/1,bet365,2026-09-04,0.0058741252124752145,0.006622516556291391,1.1274047312145772,0.0006,0.0056466603149649235,-0.005274125212475215,-0.9094,1666.6666666666667,0.0,0.00022746489751029105,0.003237062606237607,-0.5112035464581213,False
E0,Everton,title,201.0,200/1,bet365,2026-09-04,0.0044129000352425745,0.004975124378109453,1.1274047312145772,0.0007,0.003396994850835472,-0.0037129000352425744,-0.8593,1428.5714285714287,0.0,0.0010159051844071025,0.0025564500176212873,-0.48615354645812126,False
E0,Bournemouth,title,251.0,250/1,bet365,2026-09-04,0.003533836283202221,0.00398406374501992,1.1274047312145772,0.0,0.004242018445570664,-0.003533836283202221,-1.0,inf,0.0,-0.0007081821623684428,0.0017669181416011105,-0.5565035464581213,False
E0,Leeds,title,351.0,350/1,bet365,2026-09-04,0.0025270453193269446,0.002849002849002849,1.1274047312145772,0.0001,0.0017018876398397274,-0.0024270453193269447,-0.9649,10000.0,0.0,0.0008251576794872171,0.0013135226596634722,-0.5389535464581212,False
E0,Nott'm Forest,title,501.0,500/1,bet365,2026-09-04,0.001770444924318877,0.001996007984031936,1.1274047312145772,0.0,0.0017018876398397274,-0.001770444924318877,-1.0,inf,0.0,6.855728447914956e-05,0.0008852224621594385,-0.5565035464581214,False
E0,Sunderland,title,1001.0,1000/1,bet365,2026-09-04,0.0008861068002834739,0.000999000999000999,1.1274047312145772,0.0,0.0017018876398397274,-0.0008861068002834739,-1.0,inf,0.0,-0.0008157808395562535,0.00044305340014173697,-0.5565035464581213,False
E0,Ipswich,title,1501.0,1500/1,bet365,2026-09-04,0.0005909346482903114,0.0006662225183211193,1.1274047312145772,0.0,0.0008517939136460575,-0.0005909346482903114,-1.0,inf,0.0,-0.00026085926535574606,0.0002954673241451557,-0.5565035464581213,False
E0,Fulham,title,1501.0,1500/1,bet365,2026-09-04,0.0005909346482903114,0.0006662225183211193,1.1274047312145772,0.0,0.0017018876398397274,-0.0005909346482903114,-1.0,inf,0.0,-0.001110952991549416,0.0002954673241451557,-0.5565035464581213,False
E0,Crystal Palace,title,1501.0,1500/1,bet365,2026-09-04,0.0005909346482903114,0.0006662225183211193,1.1274047312145772,0.0,0.0017018876398397274,-0.0005909346482903114,-1.0,inf,0.0,-0.001110952991549416,0.0002954673241451557,-0.5565035464581213,False
E0,Hull,title,1501.0,1500/1,bet365,2026-09-04,0.0005909346482903114,0.0006662225183211193,1.1274047312145772,0.0,0.0008517939136460575,-0.0005909346482903114,-1.0,inf,0.0,-0.00026085926535574606,0.0002954673241451557,-0.5565035464581213,False
E0,Coventry,title,2001.0,2000/1,bet365,2026-09-04,0.0004432748161338118,0.0004997501249375312,1.1274047312145772,0.0,0.0008517939136460575,-0.0004432748161338118,-1.0,inf,0.0,-0.00040851909751224566,0.0002216374080669059,-0.5565035464581213,False
E0,Arsenal,top4,1.0303,1/33,bet365,2026-09-04,0.8807555191157639,0.9705910899737941,1.1019983058956255,0.9336,0.82275884940082,0.0528444808842361,-0.038111919999999966,1.0711225364181662,0.0,0.05799666971494388,0.9071777595578819,-0.06533475432751423,True
E0,Man City,top4,1.25,1/4,bet365,2026-09-04,0.7259539290759772,0.8,1.1019983058956255,0.895,0.7052030649984308,0.1690460709240228,0.11874999999999991,1.1173184357541899,0.47499999999999964,0.02075086407754645,0.8104769645379886,0.013096205672485706,True
E0,Chelsea,top4,1.4,2/5,bet365,2026-09-04,0.648173150960694,0.7142857142857143,1.1019983058956255,0.6447,0.4617379033303852,-0.0034731509606938937,-0.09741999999999995,1.5511090429657204,0.0,0.18643524763030872,0.6464365754803469,-0.09498879432751439,False
E0,Liverpool,top4,1.9091,10/11,bet365,2026-09-04,0.4753247139201569,0.5238070294903358,1.1019983058956255,0.5857,0.6296455937485989,0.1103752860798431,0.11815986999999994,1.7073587160662456,0.1299745572544274,-0.15432087982844195,0.5305123569600785,0.012801140672485944,True
E0,Man Utd,top4,2.25,5/4,bet365,2026-09-04,0.4033077383755429,0.4444444444444444,1.1019983058956255,0.5205,0.5749063009509153,0.11719226162445706,0.17112499999999997,1.921229586935639,0.13689999999999997,-0.17159856257537243,0.46190386918777143,0.039283705672485736,True
E0,Brentford,top4,6.0,5/1,bet365,2026-09-04,0.15124040189082857,0.16666666666666666,1.1019983058956255,0.0383,0.03390399350953994,-0.11294040189082857,-0.7702,26.109660574412533,0.0,0.11733640838128864,0.09477020094541429,-0.43137879432751425,False
E0,Tottenham,top4,7.0,6/1,bet365,2026-09-04,0.12963463019213878,0.14285714285714285,1.1019983058956255,0.1056,0.2203759578120096,-0.02403463019213878,-0.26080000000000003,9.46969696969697,0.0,-0.09074132761987083,0.11761731509606939,-0.17667879432751432,False
E0,Brighton,top4,7.0,6/1,bet365,2026-09-04,0.12963463019213878,0.14285714285714285,1.1019983058956255,0.0797,0.06780798701907988,-0.049934630192138785,-0.44210000000000005,12.547051442910917,0.0,0.0618266431730589,0.10466731509606939,-0.26732879432751433,False
E0,Aston Villa,top4,8.0,7/1,bet365,2026-09-04,0.11343030141812144,0.125,1.1019983058956255,0.0736,0.1763007662496077,-0.03983030141812144,-0.4112,13.58695652173913,0.0,-0.06287046483148626,0.09351515070906072,-0.25187879432751425,False
E0,Newcastle,top4,9.0,8/1,bet365,2026-09-04,0.10082693459388573,0.1111111111111111,1.1019983058956255,0.0482,0.05876692208320256,-0.052626934593885726,-0.5662,20.74688796680498,0.0,0.04206001251068316,0.07451346729694286,-0.32937879432751427,False
E0,Everton,top4,17.0,16/1,bet365,2026-09-04,0.05337896537323362,0.058823529411764705,1.1019983058956255,0.0259,0.04197637291657325,-0.02747896537323362,-0.5597000000000001,38.61003861003861,0.0,0.011402592456660365,0.03963948268661681,-0.3261287943275143,False
E0,Bournemouth,top4,17.0,16/1,bet365,2026-09-04,0.05337896537323362,0.058823529411764705,1.1019983058956255,0.0161,0.04197637291657325,-0.03727896537323362,-0.7263,62.11180124223603,0.0,0.011402592456660365,0.03473948268661681,-0.40942879432751433,False
E0,Leeds,top4,21.0,20/1,bet365,2026-09-04,0.04321154339737959,0.047619047619047616,1.1019983058956255,0.0109,0.030396683836139256,-0.03231154339737959,-0.7711,91.74311926605505,0.0,0.012814859561240337,0.027055771698689796,-0.4318287943275143,False
E0,Nott'm Forest,top4,26.0,25/1,bet365,2026-09-04,0.03490163120557583,0.038461538461538464,1.1019983058956255,0.0132,0.030396683836139256,-0.02170163120557583,-0.6568,75.75757575757576,0.0,0.004504947369436574,0.024050815602787913,-0.3746787943275143,False
E0,Fulham,top4,67.0,66/1,bet365,2026-09-04,0.01354391658723838,0.014925373134328358,1.1019983058956255,0.0026,0.02592658327200113,-0.010943916587238381,-0.8258,384.61538461538464,0.0,-0.012382666684762749,0.00807195829361919,-0.4591787943275143,False
E0,Crystal Palace,top4,67.0,66/1,bet365,2026-09-04,0.01354391658723838,0.014925373134328358,1.1019983058956255,0.004,0.02592658327200113,-0.00954391658723838,-0.732,250.0,0.0,-0.012382666684762749,0.008771958293619191,-0.41227879432751413,False
E0,Sunderland,top4,67.0,66/1,bet365,2026-09-04,0.01354391658723838,0.014925373134328358,1.1019983058956255,0.0021,0.021500093445074107,-0.011443916587238381,-0.8593,476.1904761904762,0.0,-0.007956176857835727,0.00782195829361919,-0.4759287943275142,False
E0,Ipswich,top4,101.0,100/1,bet365,2026-09-04,0.008984578330148233,0.009900990099009901,1.1019983058956255,0.0002,0.010882763348741215,-0.008784578330148233,-0.9798,5000.0,0.0,-0.0018981850185929815,0.004592289165074117,-0.5361787943275143,False
E0,Coventry,top4,251.0,250/1,bet365,2026-09-04,0.0036153084117329544,0.00398406374501992,1.1019983058956255,0.0001,0.010882763348741215,-0.0035153084117329546,-0.9749,10000.0,0.0,-0.0072674549370082605,0.0018576542058664771,-0.5337287943275142,False
E0,Hull,top4,251.0,250/1,bet365,2026-09-04,0.0036153084117329544,0.00398406374501992,1.1019983058956255,0.0,0.008727760705426123,-0.0036153084117329544,-1.0,inf,0.0,-0.005112452293693169,0.0018076542058664772,-0.5462787943275142,False
E1,West Ham,promotion,1.4,2/5,bet365,2026-09-04,0.6489689903562528,0.7142857142857143,1.1006469105613286,0.7160500000000001,0.5463573650101856,0.0670810096437473,0.0024699999999999722,1.3965505202150685,0.006174999999999932,0.10261162534606716,0.6825094951781264,-0.04448670675062305,True
E1,Wolves,promotion,2.625,13/8,bet365,2026-09-04,0.34611679485666813,0.38095238095238093,1.1006469105613286,0.476675,0.3278144190061114,0.13055820514333188,0.25127187500000003,2.0978654219331827,0.15462884615384617,0.018302375850556718,0.41139589742833405,0.07991423074937698,True
E1,Middlesbrough,promotion,2.75,7/4,bet365,2026-09-04,0.33038421327227413,0.36363636363636365,1.1006469105613286,0.29662499999999997,0.2185429460040742,-0.03375921327227416,-0.18428125000000006,3.3712600084281505,0.0,0.11184126726819993,0.31350460663613705,-0.13786233175062312,False
E1,Southampton,promotion,4.3333,10/3,bet365,2026-09-04,0.2096685174113848,0.23077100593081484,1.1006469105613286,0.143225,0.1639072095030557,-0.06644351741138482,-0.3793631075,6.982021295164951,0.0,0.04576130790832911,0.1764467587056924,-0.2354032605006231,False
E1,Burnley,promotion,5.0,4/1,bet365,2026-09-04,0.18171131729975076,0.2,1.1006469105613286,0.145575,0.2185429460040742,-0.03613631729975075,-0.27212499999999995,6.869311351537008,0.0,-0.03683162870432344,0.1636431586498754,-0.181784206750623,False
E1,Birmingham,promotion,5.0,4/1,bet365,2026-09-04,0.18171131729975076,0.2,1.1006469105613286,0.19095,0.1639072095030557,0.009238682700249246,-0.04525000000000001,5.236973029588897,0.0,0.017804107796695057,0.18633065864987539,-0.06834670675062304,False
E1,Millwall,promotion,5.5,9/2,bet365,2026-09-04,0.16519210663613706,0.18181818181818182,1.1006469105613286,0.14647500000000002,0.1024420059394098,-0.018717106636137043,-0.19438749999999994,6.827103601297149,0.0,0.06275010069672726,0.15583355331806853,-0.14291545675062312,False
E1,Swansea,promotion,8.0,7/1,bet365,2026-09-04,0.11356957331234424,0.125,1.1006469105613286,0.1142,0.0630412344242521,0.0006304266876557552,-0.08640000000000003,8.756567425569177,0.0,0.05052833888809215,0.11388478665617212,-0.08892170675062305,False
E1,Sheffield United,promotion,9.0,8/1,bet365,2026-09-04,0.10095073183319488,0.1111111111111111,1.1006469105613286,0.11860000000000001,0.149006554093687,0.017649268166805135,0.06740000000000013,8.431703204047217,0.008425000000000016,-0.04805582226049211,0.10977536591659745,-0.012021706750622974,False
E1,Norwich,promotion,9.0,8/1,bet365,2026-09-04,0.10095073183319488,0.1111111111111111,1.1006469105613286,0.101,0.149006554093687,4.9268166805130353e-05,-0.09099999999999997,9.900990099009901,0.0,-0.04805582226049211,0.10097536591659745,-0.09122170675062291,False
E1,Wrexham,promotion,9.0,8/1,bet365,2026-09-04,0.10095073183319488,0.1111111111111111,1.1006469105613286,0.121975,0.1365893412525464,0.021024268166805124,0.09777499999999995,8.19840131174421,0.012221874999999993,-0.03563860941935153,0.11146286591659743,0.003165793249376936,False
E1,West Brom,promotion,10.0,9/1,bet365,2026-09-04,0.09085565864987538,0.1,1.1006469105613286,0.093125,0.0819536047515278,0.002269341350124618,-0.06874999999999998,10.738255033557047,0.0,0.008902053898347584,0.0919903293249377,-0.08009670675062308,False
E1,Bristol City,promotion,17.0,16/1,bet365,2026-09-04,0.053444505088161995,0.058823529411764705,1.1006469105613286,0.06215,0.0745032770468435,0.008705494911838002,0.05654999999999988,16.090104585679807,0.0035343749999999924,-0.0210587719586815,0.057797252544080996,-0.017446706750623098,False
E1,QPR,promotion,17.0,16/1,bet365,2026-09-04,0.053444505088161995,0.058823529411764705,1.1006469105613286,0.07680000000000001,0.0546357365010185,0.023355494911838012,0.3056000000000001,13.020833333333332,0.019100000000000006,-0.0011912314128565069,0.065122252544081,0.10707829324937679,False
E1,Charlton,promotion,17.0,16/1,bet365,2026-09-04,0.053444505088161995,0.058823529411764705,1.1006469105613286,0.019450000000000002,0.0356320020658816,-0.03399450508816199,-0.6693499999999999,51.41388174807197,0.0,0.017812503022280393,0.036447252544081,-0.380396706750623,False
E1,Derby,promotion,17.0,16/1,bet365,2026-09-04,0.053444505088161995,0.058823529411764705,1.1006469105613286,0.04015,0.0964160055900327,-0.013294505088161997,-0.31745,24.906600249066003,0.0,-0.04297150050187071,0.046797252544081,-0.20444670675062304,False
E1,Watford,promotion,21.0,20/1,bet365,2026-09-04,0.043264599357083516,0.047619047619047616,1.1006469105613286,0.031325,0.0546357365010185,-0.011939599357083518,-0.342175,31.923383878691144,0.0,-0.011371137143934985,0.037294799678541754,-0.2168092067506232,False
E1,Blackburn,promotion,26.0,25/1,bet365,2026-09-04,0.03494448409610592,0.038461538461538464,1.1006469105613286,0.0209,0.0546357365010185,-0.014044484096105921,-0.4566,47.84688995215311,0.0,-0.019691252404912582,0.027922242048052957,-0.2740217067506231,False
E1,Cardiff,promotion,26.0,25/1,bet365,2026-09-04,0.03494448409610592,0.038461538461538464,1.1006469105613286,0.006200000000000001,0.0482080027950163,-0.02874448409610592,-0.8388,161.29032258064515,0.0,-0.013263518698910383,0.020572242048052962,-0.46512170675062303,False
E1,Stoke,promotion,26.0,25/1,bet365,2026-09-04,0.03494448409610592,0.038461538461538464,1.1006469105613286,0.0516,0.0910595608350309,0.01665551590389408,0.3415999999999999,19.37984496124031,0.013663999999999996,-0.056115076738924984,0.04327224204805296,0.12507829324937703,False
E1,Portsmouth,promotion,34.0,33/1,bet365,2026-09-04,0.026722252544080997,0.029411764705882353,1.1006469105613286,0.01625,0.0546357365010185,-0.010472252544080997,-0.4475,61.53846153846153,0.0,-0.027913483956937504,0.0214861262720405,-0.26947170675062304,False
E1,Bolton,promotion,51.0,50/1,bet365,2026-09-04,0.01781483502938733,0.0196078431372549,1.1006469105613286,0.0046,0.0431334761850146,-0.01321483502938733,-0.7654,217.3913043478261,0.0,-0.025318641155627267,0.011207417514693665,-0.4284217067506231,False
E1,Lincoln,promotion,67.0,66/1,bet365,2026-09-04,0.013560546067145579,0.014925373134328358,1.1006469105613286,0.0017000000000000001,0.0282598637074234,-0.011860546067145579,-0.8861,588.2352941176471,0.0,-0.014699317640277822,0.007630273033572789,-0.4887717067506231,False
E1,Preston,promotion,101.0,100/1,bet365,2026-09-04,0.008995609767314394,0.009900990099009901,1.1006469105613286,0.004399999999999999,0.0431334761850146,-0.004595609767314395,-0.5556000000000001,227.2727272727273,0.0,-0.034137866417700204,0.006697804883657197,-0.3235217067506231,False
E1,Lincoln,relegation,1.5714,4/7,bet365,2026-09-04,0.5448353241699615,0.6363752068219423,1.1680138540786407,0.5486,0.502330198440699,0.0037646758300384775,-0.13792996000000013,1.8228217280349983,0.0,0.04250512572926246,0.5467176620849807,-0.14088786579966128,False
E1,Preston,relegation,1.9091,10/11,bet365,2026-09-04,0.4484596031641493,0.5238070294903358,1.1680138540786407,0.417,0.2028660506402762,-0.03145960316414931,-0.20390530000000007,2.3980815347721824,0.0,0.24559355252387308,0.43272980158207464,-0.1738755357996613,False
E1,Bolton,relegation,2.5,6/4,bet365,2026-09-04,0.342461691360271,0.4,1.1680138540786407,0.3902,0.3864115250290976,0.047738308639729,-0.024499999999999966,2.5627883136852896,0.0,-0.0439498336688266,0.3663308456801355,-0.0841728857996612,True
E1,Portsmouth,relegation,3.0,2/1,bet365,2026-09-04,0.2853847428002258,0.3333333333333333,1.1680138540786407,0.221,0.1475389459202009,-0.0643847428002258,-0.33699999999999997,4.524886877828054,0.0,0.1378457968800249,0.2531923714001129,-0.2404228857996613,False
E1,Sheffield United,relegation,4.0,3/1,bet365,2026-09-04,0.21403855710016934,0.25,1.1680138540786407,0.028,0.0352810522852654,-0.18603855710016934,-0.888,35.714285714285715,0.0,0.17875750481490393,0.12101927855008467,-0.5159228857996614,False
E1,Cardiff,relegation,4.5,7/2,bet365,2026-09-04,0.19025649520015053,0.2222222222222222,1.1680138540786407,0.3749,0.3688473648005023,0.18464350479984948,0.6870500000000002,2.6673779674579885,0.19630000000000006,-0.17859086960035175,0.28257824760007527,0.27160211420033864,True
E1,Blackburn,relegation,5.0,4/1,bet365,2026-09-04,0.1712308456801355,0.2,1.1680138540786407,0.1814,0.162292840512221,0.01016915431986451,-0.09299999999999997,5.512679162072767,0.0,0.008938005167914487,0.17631542284006774,-0.11842288579966131,False
E1,Charlton,relegation,7.0,6/1,bet365,2026-09-04,0.12230774691438248,0.14285714285714285,1.1680138540786407,0.1968,0.3606507566938244,0.07449225308561752,0.37759999999999994,5.08130081300813,0.06293333333333333,-0.23834300977944192,0.15955387345719124,0.11687711420033864,True
E1,Watford,relegation,7.0,6/1,bet365,2026-09-04,0.12230774691438248,0.14285714285714285,1.1680138540786407,0.1259,0.1248406465478623,0.0035922530856175305,-0.11869999999999992,7.942811755361397,0.0,-0.0025328996334798154,0.12410387345719125,-0.13127288579966123,False
E1,Stoke,relegation,9.0,8/1,bet365,2026-09-04,0.09512824760007527,0.1111111111111111,1.1680138540786407,0.0826,0.0477331883859473,-0.01252824760007526,-0.25659999999999994,12.106537530266342,0.0,0.04739505921412797,0.08886412380003764,-0.2002228857996613,False
E1,Derby,relegation,9.0,8/1,bet365,2026-09-04,0.09512824760007527,0.1111111111111111,1.1680138540786407,0.1015,0.0901626891734561,0.0063717523999247405,-0.08649999999999991,9.852216748768472,0.0,0.0049655584266191655,0.09831412380003764,-0.11517288579966123,False
E1,QPR,relegation,10.0,9/1,bet365,2026-09-04,0.08561542284006775,0.1,1.1680138540786407,0.0451,0.1248406465478623,-0.04051542284006775,-0.5489999999999999,22.172949002217294,0.0,-0.03922522370779455,0.06535771142003388,-0.3464228857996612,False
E1,Bristol City,relegation,15.0,14/1,bet365,2026-09-04,0.057076948560045165,0.06666666666666667,1.1680138540786407,0.0636,0.0624203232739311,0.006523051439954838,-0.04599999999999993,15.723270440251572,0.0,-0.0053433747138859344,0.060338474280022585,-0.09492288579966124,False
E1,West Brom,relegation,17.0,16/1,bet365,2026-09-04,0.05036201343533396,0.058823529411764705,1.1680138540786407,0.0422,0.0624203232739311,-0.008162013435333959,-0.28259999999999996,23.696682464454977,0.0,-0.01205830983859714,0.04628100671766698,-0.2132228857996613,False
E1,Swansea,relegation,21.0,20/1,bet365,2026-09-04,0.04076924897146083,0.047619047619047616,1.1680138540786407,0.0291,0.1081952270081473,-0.011669248971460829,-0.3889,34.36426116838488,0.0,-0.06742597803668646,0.03493462448573041,-0.26637288579966134,False
E1,Norwich,relegation,21.0,20/1,bet365,2026-09-04,0.04076924897146083,0.047619047619047616,1.1680138540786407,0.0382,0.027981524226245,-0.0025692489714608316,-0.1978000000000001,26.17801047120419,0.0,0.01278772474521583,0.03948462448573041,-0.17082288579966143,False
E1,Wrexham,relegation,26.0,25/1,bet365,2026-09-04,0.032929008784641445,0.038461538461538464,1.1680138540786407,0.0288,0.0352810522852654,-0.0041290087846414456,-0.2512,34.72222222222222,0.0,-0.002352043500623957,0.030864504392320722,-0.19752288579966126,False
E1,Burnley,relegation,41.0,40/1,bet365,2026-09-04,0.020881810448797014,0.024390243902439025,1.1680138540786407,0.0225,0.0197918098185635,0.001618189551202985,-0.07750000000000001,44.44444444444444,0.0,0.0010900006302335154,0.021690905224398507,-0.11067288579966128,False
E1,Millwall,relegation,51.0,50/1,bet365,2026-09-04,0.01678733781177799,0.0196078431372549,1.1680138540786407,0.0191,0.0386411525029097,0.0023126621882220075,-0.025900000000000034,52.35602094240838,0.0,-0.021853814691131707,0.017943668905888995,-0.08487288579966124,False
E1,Southampton,relegation,151.0,150/1,bet365,2026-09-04,0.005669895552322368,0.006622516556291391,1.1680138540786407,0.0236,0.0238665941929736,0.017930104447677633,2.5636,42.37288135593221,0.017090666666666667,-0.01819669864065123,0.014634947776161183,1.2098771142003386,False
E1,Birmingham,relegation,151.0,150/1,bet365,2026-09-04,0.005669895552322368,0.006622516556291391,1.1680138540786407,0.0135,0.0197918098185635,0.007830104447677632,1.0385,74.07407407407408,0.006923333333333333,-0.014121914266241131,0.009584947776161184,0.44732711420033877,False
E1,Middlesbrough,relegation,201.0,200/1,bet365,2026-09-04,0.0042594737731376986,0.004975124378109453,1.1680138540786407,0.0054,0.0197918098185635,0.0011405262268623017,0.08540000000000014,185.18518518518516,0.00042700000000000073,-0.0155323360454258,0.004829736886568849,-0.02922288579966137,False
E1,Wolves,relegation,201.0,200/1,bet365,2026-09-04,0.0042594737731376986,0.004975124378109453,1.1680138540786407,0.0009,0.0159110627953157,-0.003359473773137699,-0.8190999999999999,1111.111111111111,0.0,-0.011651589022178,0.002579736886568849,-0.4814728857996613,False
E1,West Ham,relegation,251.0,250/1,bet365,2026-09-04,0.003410973021516643,0.00398406374501992,1.1680138540786407,0.0001,0.0121114060083747,-0.003310973021516643,-0.9749,10000.0,0.0,-0.008700432986858058,0.0017554865107583214,-0.5593728857996614,False
E1,West Ham,title,3.0,2/1,bet365,2026-09-04,0.2757203881349678,0.3333333333333333,1.2089542437832468,0.4554,0.2714870668387801,0.17967961186503223,0.3662000000000001,2.195871761089152,0.18310000000000004,0.004233321296187698,0.3655601940674839,0.09668058220245168,True
E1,Wolves,title,5.0,4/1,bet365,2026-09-04,0.16543223288098072,0.2,1.2089542437832468,0.1849,0.1244315723011075,0.01946776711901929,-0.0754999999999999,5.408328826392644,0.0,0.04100066057987321,0.17516611644049035,-0.12416941779754831,False
E1,Middlesbrough,title,9.0,8/1,bet365,2026-09-04,0.09190679604498928,0.1111111111111111,1.2089542437832468,0.0886,0.0746589433806645,-0.003306796044989277,-0.2026,11.286681715575622,0.0,0.01724785266432477,0.09025339802249463,-0.1877194177975483,False
E1,Southampton,title,13.0,12/1,bet365,2026-09-04,0.06362778187730027,0.07692307692307693,1.2089542437832468,0.0284,0.057429956446665,-0.03522778187730027,-0.6308,35.2112676056338,0.0,0.006197825430635268,0.04601389093865013,-0.40181941779754826,False
E1,Millwall,title,17.0,16/1,bet365,2026-09-04,0.048656539082641385,0.058823529411764705,1.2089542437832468,0.03,0.0287149782233325,-0.018656539082641387,-0.49,33.333333333333336,0.0,0.019941560859308885,0.039328269541320696,-0.33141941779754813,False
E1,Birmingham,title,17.0,16/1,bet365,2026-09-04,0.048656539082641385,0.058823529411764705,1.2089542437832468,0.0442,0.057429956446665,-0.004456539082641382,-0.24859999999999993,22.62443438914027,0.0,-0.008773417364023615,0.04642826954132069,-0.21071941779754821,False
E1,Burnley,title,21.0,20/1,bet365,2026-09-04,0.03938862687642398,0.047619047619047616,1.2089542437832468,0.0283,0.067871766709695,-0.01108862687642398,-0.40570000000000006,35.3356890459364,0.0,-0.02848313983327102,0.03384431343821199,-0.2892694177975482,False
E1,Swansea,title,21.0,20/1,bet365,2026-09-04,0.03938862687642398,0.047619047619047616,1.2089542437832468,0.0224,0.0146390085060126,-0.016988626876423978,-0.5296000000000001,44.642857142857146,0.0,0.024749618370411376,0.030894313438211987,-0.3512194177975483,False
E1,Norwich,title,26.0,25/1,bet365,2026-09-04,0.031813890938650134,0.038461538461538464,1.2089542437832468,0.0157,0.049772628920443,-0.016113890938650136,-0.5918000000000001,63.69426751592357,0.0,-0.017958737981792865,0.023756945469325066,-0.3823194177975483,False
E1,West Brom,title,26.0,25/1,bet365,2026-09-04,0.031813890938650134,0.038461538461538464,1.2089542437832468,0.0172,0.0182094983855279,-0.014613890938650134,-0.5528,58.13953488372093,0.0,0.013604392553122235,0.024506945469325067,-0.3628194177975482,False
E1,Sheffield United,title,34.0,33/1,bet365,2026-09-04,0.024328269541320693,0.029411764705882353,1.2089542437832468,0.0203,0.0439170255180379,-0.004028269541320694,-0.3098000000000001,49.26108374384237,0.0,-0.01958875597671721,0.022314134770660347,-0.24131941779754817,False
E1,Wrexham,title,34.0,33/1,bet365,2026-09-04,0.024328269541320693,0.029411764705882353,1.2089542437832468,0.0229,0.0392941807266655,-0.0014282695413206925,-0.22140000000000004,43.66812227074236,0.0,-0.014965911185344804,0.023614134770660346,-0.19711941779754827,False
E1,QPR,title,41.0,40/1,bet365,2026-09-04,0.020174662546461063,0.024390243902439025,1.2089542437832468,0.0118,0.0111431258777111,-0.008374662546461064,-0.5162,84.74576271186442,0.0,0.009031536668749963,0.015987331273230532,-0.34451941779754813,False
E1,Charlton,title,51.0,50/1,bet365,2026-09-04,0.01621884636088046,0.0196078431372549,1.2089542437832468,0.0018,0.007391974592145,-0.01441884636088046,-0.9082,555.5555555555555,0.0,0.00882687176873546,0.00900942318044023,-0.5405194177975483,False
E1,Bristol City,title,51.0,50/1,bet365,2026-09-04,0.01621884636088046,0.0196078431372549,1.2089542437832468,0.009,0.0182094983855279,-0.00721884636088046,-0.541,111.11111111111111,0.0,-0.0019906520246474393,0.01260942318044023,-0.3569194177975482,False
E1,Derby,title,67.0,66/1,bet365,2026-09-04,0.01234568902096871,0.014925373134328358,1.2089542437832468,0.0043,0.0257444632347119,-0.00804568902096871,-0.7119,232.5581395348837,0.0,-0.013398774213743192,0.008322844510484356,-0.4423694177975481,False
E1,Watford,title,81.0,80/1,bet365,2026-09-04,0.01021186622722103,0.012345679012345678,1.2089542437832468,0.0037,0.0146390085060126,-0.00651186622722103,-0.7002999999999999,270.27027027027026,0.0,-0.00442714227879157,0.006955933113610515,-0.4365694177975483,False
E1,Stoke,title,81.0,80/1,bet365,2026-09-04,0.01021186622722103,0.012345679012345678,1.2089542437832468,0.0065,0.0219585127590189,-0.0037118662272210305,-0.47350000000000003,153.84615384615384,0.0,-0.011746646531797869,0.008355933113610515,-0.3231694177975484,False
E1,Cardiff,title,101.0,100/1,bet365,2026-09-04,0.008189714499058452,0.009900990099009901,1.2089542437832468,0.0005,0.0092171535037857,-0.007689714499058451,-0.9495,2000.0,0.0,-0.0010274390047272479,0.004344857249529226,-0.5611694177975481,False
E1,Blackburn,title,101.0,100/1,bet365,2026-09-04,0.008189714499058452,0.009900990099009901,1.2089542437832468,0.0018,0.0111431258777111,-0.006389714499058452,-0.8182,555.5555555555555,0.0,-0.0029534113786526487,0.0049948572495292255,-0.49551941779754827,False
E1,Portsmouth,title,201.0,200/1,bet365,2026-09-04,0.0041152296736562365,0.004975124378109453,1.2089542437832468,0.0018,0.0111431258777111,-0.0023152296736562365,-0.6382,555.5555555555555,0.0,-0.007027896204054864,0.002957614836828118,-0.4055194177975483,False
E1,Lincoln,title,201.0,200/1,bet365,2026-09-04,0.0041152296736562365,0.004975124378109453,1.2089542437832468,0.0,0.0049443008861367,-0.0041152296736562365,-1.0,inf,0.0,-0.0008290712124804636,0.0020576148368281182,-0.5864194177975482,False
E1,Bolton,title,251.0,250/1,bet365,2026-09-04,0.003295462806394038,0.00398406374501992,1.2089542437832468,0.0004,0.0092171535037857,-0.0028954628063940376,-0.8996,2500.0,0.0,-0.005921690697391662,0.001847731403197019,-0.5362194177975482,False
E1,Preston,title,501.0,500/1,bet365,2026-09-04,0.0016510202882333402,0.001996007984031936,1.2089542437832468,0.0001,0.007391974592145,-0.0015510202882333401,-0.9499,10000.0,0.0,-0.005740954303911659,0.0008755101441166701,-0.5613694177975483,False
E2,Leicester,promotion,2.2,6/5,bet365,2026-09-04,0.39614291385192785,0.45454545454545453,1.147427957566235,0.58875,0.4884976769555034,0.19260708614807215,0.29525,1.6985138004246285,0.24604166666666663,-0.09235476310357554,0.4924464569259639,0.0833822052371207,True
E2,Luton,promotion,2.625,13/8,bet365,2026-09-04,0.33200548970447286,0.38095238095238093,1.147427957566235,0.3064,0.2326225937662107,-0.02560548970447285,-0.19569999999999999,3.2637075718015667,0.0,0.09938289593826216,0.31920274485223643,-0.1620927947628794,False
E2,Huddersfield,promotion,2.75,7/4,bet365,2026-09-04,0.3169143310815423,0.36363636363636365,1.147427957566235,0.340975,0.1628358156363475,0.02406066891845765,-0.06231875000000009,2.932766331842511,0.0,0.15407851544519482,0.3289446655407712,-0.0954021697628793,False
E2,Sheffield Wed,promotion,3.25,9/4,bet365,2026-09-04,0.2681582801459204,0.3076923076923077,1.147427957566235,0.508275,0.2713930260605791,0.24011671985407962,0.6518937500000002,1.9674388864295902,0.2897305555555556,-0.0032347459146586655,0.3882166400729602,0.26170408023712066,True
E2,Bradford,promotion,3.5,5/2,bet365,2026-09-04,0.24900411727835464,0.2857142857142857,1.147427957566235,0.127325,0.1356965130302895,-0.12167911727835465,-0.5543625000000001,7.853917141174161,0.0,0.11330760424806513,0.1881645586391773,-0.34142404476287946,False
E2,Stockport,promotion,3.75,11/4,bet365,2026-09-04,0.232403842793131,0.26666666666666666,1.147427957566235,0.169475,0.1628358156363475,-0.06292884279313102,-0.36446875,5.900575306092344,0.0,0.06956802715678351,0.2009394213965655,-0.24647716976287937,False
E2,Plymouth,promotion,5.0,4/1,bet365,2026-09-04,0.17430288209484826,0.2,1.147427957566235,0.1461,0.1628358156363475,-0.028202882094848253,-0.26949999999999996,6.844626967830253,0.0,0.011467066458500763,0.16020144104742412,-0.19899279476287934,False
E2,MK Dons,promotion,5.5,9/2,bet365,2026-09-04,0.15845716554077116,0.18181818181818182,1.147427957566235,0.11649999999999999,0.1480325596694068,-0.04195716554077117,-0.35925000000000007,8.583690987124465,0.0,0.010424605871364373,0.13747858277038558,-0.24386779476287934,False
E2,Oxford,promotion,8.0,7/1,bet365,2026-09-04,0.10893930130928015,0.125,1.147427957566235,0.065775,0.1163112968831053,-0.043164301309280145,-0.4738,15.203344735841885,0.0,-0.00737199557382516,0.08735715065464007,-0.3011427947628794,False
E2,Blackpool,promotion,9.0,8/1,bet365,2026-09-04,0.0968349344971379,0.1111111111111111,1.147427957566235,0.1409,0.1163112968831053,0.0440650655028621,0.2681,7.097232079488999,0.0335125,-0.019476362385967408,0.11886746724856895,0.06980720523712058,True
E2,Wycombe,promotion,10.0,9/1,bet365,2026-09-04,0.08715144104742413,0.1,1.147427957566235,0.05925,0.1252583197202673,-0.027901441047424133,-0.4075,16.877637130801688,0.0,-0.03810687867284317,0.07320072052371207,-0.2679927947628793,False
E2,Reading,promotion,11.0,10/1,bet365,2026-09-04,0.07922858277038558,0.09090909090909091,1.147427957566235,0.073825,0.090464342020193,-0.005403582770385579,-0.187925,13.545546901456145,0.0,-0.011235759249807423,0.07652679138519279,-0.15820529476287926,False
E2,Mansfield,promotion,11.0,10/1,bet365,2026-09-04,0.07922858277038558,0.09090909090909091,1.147427957566235,0.0427,0.0740162798347034,-0.03652858277038558,-0.5303,23.419203747072597,0.0,0.0052123029356821865,0.06096429138519279,-0.3293927947628793,False
E2,Doncaster,promotion,15.0,14/1,bet365,2026-09-04,0.05810096069828275,0.06666666666666667,1.147427957566235,0.027325000000000002,0.0814179078181737,-0.03077596069828275,-0.590125,36.59652333028362,0.0,-0.023316947119890942,0.04271298034914138,-0.3593052947628793,False
E2,Leyton Orient,promotion,17.0,16/1,bet365,2026-09-04,0.0512655535573083,0.058823529411764705,1.147427957566235,0.031275,0.0626291598601336,-0.019990553557308305,-0.4683250000000001,31.974420463629098,0.0,-0.011363606302825305,0.04127027677865415,-0.29840529476287947,False
E2,Cambridge,promotion,17.0,16/1,bet365,2026-09-04,0.0512655535573083,0.058823529411764705,1.147427957566235,0.024475,0.0542786052121158,-0.026790553557308302,-0.583925,40.85801838610827,0.0,-0.0030130516548074956,0.03787027677865415,-0.35620529476287943,False
E2,Stevenage,promotion,21.0,20/1,bet365,2026-09-04,0.04150068621305911,0.047619047619047616,1.147427957566235,0.020375,0.0814179078181737,-0.021125686213059106,-0.572125,49.079754601226995,0.0,-0.039917221605114586,0.030937843106529556,-0.3503052947628793,False
E2,Notts County,promotion,21.0,20/1,bet365,2026-09-04,0.04150068621305911,0.047619047619047616,1.147427957566235,0.057150000000000006,0.0740162798347034,0.0156493137869409,0.20015000000000005,17.49781277340332,0.010007500000000003,-0.03251559362164429,0.04932534310652956,0.03583220523712072,False
E2,Barnsley,promotion,21.0,20/1,bet365,2026-09-04,0.04150068621305911,0.047619047619047616,1.147427957566235,0.06515,0.0814179078181737,0.023649313786940893,0.36815,15.349194167306216,0.0184075,-0.039917221605114586,0.05332534310652955,0.11983220523712057,False
E2,Wigan,promotion,26.0,25/1,bet365,2026-09-04,0.03351978501824005,0.038461538461538464,1.147427957566235,0.0339,0.0814179078181737,0.0003802149817599479,-0.11860000000000004,29.498525073746315,0.0,-0.04789812279993364,0.03370989250912003,-0.12354279476287922,False
E2,Peterborough,promotion,29.0,28/1,bet365,2026-09-04,0.030052221050835905,0.034482758620689655,1.147427957566235,0.025175000000000003,0.0678482565151447,-0.0048772210508359025,-0.26992499999999997,39.72194637537239,0.0,-0.03779603546430879,0.027613610525417956,-0.1992052947628793,False
E2,Bromley,promotion,34.0,33/1,bet365,2026-09-04,0.02563277677865415,0.029411764705882353,1.147427957566235,0.0030499999999999998,0.0313145799300668,-0.02258277677865415,-0.8963,327.8688524590164,0.0,-0.005681803151412652,0.014341388389327076,-0.5123927947628795,False
E2,Burton,promotion,34.0,33/1,bet365,2026-09-04,0.02563277677865415,0.029411764705882353,1.147427957566235,0.020675,0.0542786052121158,-0.004957776778654152,-0.29705000000000004,48.36759371221282,0.0,-0.028645828433461647,0.023153888389327075,-0.21276779476287944,False
E2,AFC Wimbledon,promotion,41.0,40/1,bet365,2026-09-04,0.021256449035957106,0.024390243902439025,1.147427957566235,0.0052,0.0428515304306177,-0.016056449035957106,-0.7867999999999999,192.30769230769232,0.0,-0.021595081394660594,0.013228224517978553,-0.4576427947628794,False
E2,AFC Wimbledon,relegation,2.2,6/5,bet365,2026-09-04,0.3956949500798766,0.45454545454545453,1.1487269535628346,0.5147,0.403748955112847,0.11900504992012345,0.13234000000000012,1.9428793471925392,0.11028333333333341,-0.00805400503297038,0.45519747503993835,0.0014344450878644999,True
E2,Burton,relegation,2.25,5/4,bet365,2026-09-04,0.38690172896699043,0.4444444444444444,1.1487269535628346,0.2907,0.3569990760997805,-0.09620172896699042,-0.3459249999999999,3.439972480220158,0.0,0.029902652867209945,0.3388008644834952,-0.2376980549121357,False
E2,Bromley,relegation,2.625,13/8,bet365,2026-09-04,0.3316300534002775,0.38095238095238093,1.1487269535628346,0.6318,0.4239364028684894,0.3001699465997225,0.6584750000000001,1.5827793605571383,0.4052153846153847,-0.09230634946821187,0.48171502670013877,0.2645019450878643,True
E2,Peterborough,relegation,2.75,7/4,bet365,2026-09-04,0.3165559600639013,0.36363636363636365,1.1487269535628346,0.2579,0.2119682014342447,-0.05865596006390128,-0.290775,3.8774718883288095,0.0,0.10458775862965661,0.28722798003195066,-0.21012305491213568,False
E2,Wigan,relegation,3.0,2/1,bet365,2026-09-04,0.2901762967252428,0.3333333333333333,1.1487269535628346,0.2123,0.1541586919521779,-0.07787629672524282,-0.3631,4.710315591144607,0.0,0.1360176047730649,0.25123814836262137,-0.24628555491213588,False
E2,Notts County,relegation,3.5,5/2,bet365,2026-09-04,0.24872254005020814,0.2857142857142857,1.1487269535628346,0.1451,0.2260994148631943,-0.10362254005020813,-0.49215,6.891798759476223,0.0,0.022623125187013843,0.19691127002510406,-0.31081055491213583,False
E2,Stevenage,relegation,3.5,5/2,bet365,2026-09-04,0.24872254005020814,0.2857142857142857,1.1487269535628346,0.2966,0.1884161790526619,0.04787745994979184,0.03810000000000002,3.371544167228591,0.015240000000000009,0.06030636099754624,0.27266127002510404,-0.045685554912135884,True
E2,Barnsley,relegation,3.75,11/4,bet365,2026-09-04,0.23214103738019426,0.26666666666666666,1.1487269535628346,0.1181,0.1695745611473957,-0.11404103738019426,-0.5571250000000001,8.467400508044031,0.0,0.06256647623279857,0.17512051869009712,-0.34329805491213583,False
E2,Doncaster,relegation,4.3333,10/3,bet365,2026-09-04,0.2008928276776887,0.23077100593081484,1.1487269535628346,0.2318,0.1884161790526619,0.0309071723223113,0.004458940000000133,4.3140638481449525,0.0013376953769538094,0.012476648625026815,0.21634641383884434,-0.06250608491213572,True
E2,Cambridge,relegation,4.3333,10/3,bet365,2026-09-04,0.2008928276776887,0.23077100593081484,1.1487269535628346,0.2569,0.3083173839043559,0.05600717232231131,0.1132247700000002,3.8925652004671076,0.03396777067770683,-0.10742455622666722,0.22889641383884435,-0.008123169912135686,True
E2,Leyton Orient,relegation,4.3333,10/3,bet365,2026-09-04,0.2008928276776887,0.23077100593081484,1.1487269535628346,0.2226,0.2119682014342447,0.021707172322311286,-0.03540741999999997,4.492362982929021,0.0,-0.011075373756555984,0.21174641383884435,-0.08243926491213571,False
E2,Reading,relegation,6.0,5/1,bet365,2026-09-04,0.1450881483626214,0.16666666666666666,1.1487269535628346,0.114,0.1211246865338541,-0.0310881483626214,-0.31599999999999995,8.771929824561402,0.0,0.02396346182876731,0.1295440741813107,-0.2227355549121358,False
E2,Mansfield,relegation,7.0,6/1,bet365,2026-09-04,0.12436127002510407,0.14285714285714285,1.1487269535628346,0.1758,0.1695745611473957,0.051438729974895944,0.23060000000000014,5.688282138794084,0.038433333333333354,-0.045213291122291624,0.15008063501255203,0.050564445087864174,True
E2,Oxford,relegation,7.0,6/1,bet365,2026-09-04,0.12436127002510407,0.14285714285714285,1.1487269535628346,0.1281,0.1956644602813049,0.003738729974895924,-0.10330000000000006,7.8064012490242005,0.0,-0.07130319025620084,0.12623063501255202,-0.11638555491213587,False
E2,Wycombe,relegation,7.5,13/2,bet365,2026-09-04,0.11607051869009713,0.13333333333333333,1.1487269535628346,0.1377,0.0997497418514092,0.02162948130990286,0.032749999999999835,7.262164124909224,0.005038461538461513,0.016320776838687934,0.12688525934504857,-0.048360554912135756,False
E2,Blackpool,relegation,8.0,7/1,bet365,2026-09-04,0.10881611127196605,0.125,1.1487269535628346,0.052,0.1130497074315971,-0.056816111271966056,-0.5840000000000001,19.23076923076923,0.0,-0.004233596159631051,0.08040805563598302,-0.3567355549121358,False
E2,Plymouth,relegation,13.0,12/1,bet365,2026-09-04,0.06696376078274835,0.07692307692307693,1.1487269535628346,0.0427,0.0652209850566906,-0.024263760782748348,-0.44489999999999996,23.419203747072597,0.0,0.0017427757260577437,0.054831880391374176,-0.2871855549121357,False
E2,MK Dons,relegation,13.0,12/1,bet365,2026-09-04,0.06696376078274835,0.07692307692307693,1.1487269535628346,0.0619,0.0706560671447482,-0.005063760782748353,-0.19530000000000003,16.155088852988694,0.0,-0.003692306361999853,0.06443188039137418,-0.1623855549121357,False
E2,Stockport,relegation,21.0,20/1,bet365,2026-09-04,0.04145375667503469,0.047619047619047616,1.1487269535628346,0.0333,0.0770793459760889,-0.008153756675034686,-0.30069999999999997,30.030030030030026,0.0,-0.03562558930105421,0.03737687833751735,-0.21508555491213566,False
E2,Bradford,relegation,21.0,20/1,bet365,2026-09-04,0.04145375667503469,0.047619047619047616,1.1487269535628346,0.0537,0.0847872805736978,0.012246243324965309,0.12769999999999992,18.6219739292365,0.006384999999999997,-0.043333523898663115,0.04757687833751734,-0.0008855549121358219,False
E2,Sheffield Wed,relegation,29.0,28/1,bet365,2026-09-04,0.0300182375922665,0.034482758620689655,1.1487269535628346,0.0023,0.0368640350320425,-0.0277182375922665,-0.9333,434.7826086956522,0.0,-0.0068457974397759976,0.01615911879613325,-0.5313855549121358,False
E2,Luton,relegation,29.0,28/1,bet365,2026-09-04,0.0300182375922665,0.034482758620689655,1.1487269535628346,0.0101,0.0368640350320425,-0.019918237592266498,-0.7071000000000001,99.00990099009901,0.0,-0.0068457974397759976,0.02005911879613325,-0.4182855549121357,False
E2,Huddersfield,relegation,34.0,33/1,bet365,2026-09-04,0.025603790887521426,0.029411764705882353,1.1487269535628346,0.0082,0.0565248537157985,-0.017403790887521427,-0.7212,121.95121951219511,0.0,-0.03092106282827707,0.016901895443760712,-0.4253355549121358,False
E2,Leicester,relegation,34.0,33/1,bet365,2026-09-04,0.025603790887521426,0.029411764705882353,1.1487269535628346,0.0017,0.0292369933012751,-0.023903790887521426,-0.9422,588.2352941176471,0.0,-0.0036332024137536757,0.013651895443760713,-0.5358355549121357,False
E2,Leicester,title,5.0,4/1,bet365,2026-09-04,0.158985333591774,0.2,1.2579776730446042,0.312,0.2408658719880466,0.153014666408226,0.56,3.2051282051282053,0.14,-0.0818805383962726,0.23549266679588698,0.17746333397943492,True
E2,Luton,title,7.0,6/1,bet365,2026-09-04,0.11356095256555285,0.14285714285714285,1.2579776730446042,0.0978,0.0963463487952186,-0.01576095256555285,-0.3154,10.224948875255624,0.0,0.01721460377033425,0.10568047628277642,-0.26023666602056506,False
E2,Huddersfield,title,7.0,6/1,bet365,2026-09-04,0.11356095256555285,0.14285714285714285,1.2579776730446042,0.12,0.0555844319972415,0.006439047434447148,-0.16000000000000003,8.333333333333334,0.0,0.057976520568311346,0.11678047628277642,-0.18253666602056506,False
E2,Sheffield Wed,title,8.5,15/2,bet365,2026-09-04,0.09352078446574941,0.11764705882352941,1.2579776730446042,0.2395,0.1032282308520199,0.14597921553425058,1.0357499999999997,4.175365344467641,0.13809999999999997,-0.009707446386270496,0.1665103922328747,0.415338333979435,True
E2,Bradford,title,10.0,9/1,bet365,2026-09-04,0.079492666795887,0.1,1.2579776730446042,0.0253,0.0380314534717968,-0.054192666795886996,-0.747,39.52569169960474,0.0,0.041461213324090196,0.0523963333979435,-0.47603666602056505,False
E2,Stockport,title,10.0,9/1,bet365,2026-09-04,0.079492666795887,0.1,1.2579776730446042,0.0418,0.0481731743976093,-0.037692666795887,-0.5820000000000001,23.923444976076556,0.0,0.0313194923982777,0.060646333397943494,-0.39353666602056503,False
E2,Plymouth,title,15.0,14/1,bet365,2026-09-04,0.052995111197258,0.06666666666666667,1.2579776730446042,0.0304,0.0602164679970116,-0.022595111197258,-0.544,32.89473684210526,0.0,-0.007221356799753602,0.041697555598629,-0.374536666020565,False
E2,MK Dons,title,17.0,16/1,bet365,2026-09-04,0.046760392232874703,0.058823529411764705,1.2579776730446042,0.0238,0.0481731743976093,-0.022960392232874702,-0.5953999999999999,42.016806722689076,0.0,-0.0014127821647345953,0.03528019611643735,-0.40023666602056496,False
E2,Oxford,title,21.0,20/1,bet365,2026-09-04,0.03785365085518429,0.047619047619047616,1.2579776730446042,0.0115,0.0344094102840066,-0.026353650855184287,-0.7585,86.95652173913044,0.0,0.0034442405711776897,0.02467682542759214,-0.48178666602056497,False
E2,Blackpool,title,26.0,25/1,bet365,2026-09-04,0.030574102613802695,0.038461538461538464,1.2579776730446042,0.0321,0.0277922159986207,0.0015258973861973016,-0.1654000000000001,31.152647975077883,0.0,0.0027818866151819964,0.03133705130690134,-0.1852366660205651,False
E2,Mansfield,title,26.0,25/1,bet365,2026-09-04,0.030574102613802695,0.038461538461538464,1.2579776730446042,0.0059,0.0176243320966863,-0.024674102613802696,-0.8466,169.49152542372883,0.0,0.012949770517116394,0.01823705130690135,-0.5258366660205649,False
E2,Wycombe,title,29.0,28/1,bet365,2026-09-04,0.027411264412374826,0.034482758620689655,1.2579776730446042,0.0091,0.0380314534717968,-0.018311264412374826,-0.7361,109.89010989010988,0.0,-0.010620189059421976,0.018255632206187415,-0.470586666020565,False
E2,Reading,title,34.0,33/1,bet365,2026-09-04,0.023380196116437352,0.029411764705882353,1.2579776730446042,0.0121,0.0249171591711772,-0.011280196116437352,-0.5886,82.64462809917356,0.0,-0.001536963054739847,0.017740098058218676,-0.396836666020565,False
E2,Leyton Orient,title,51.0,50/1,bet365,2026-09-04,0.015586797410958236,0.0196078431372549,1.2579776730446042,0.0037,0.0176243320966863,-0.011886797410958235,-0.8113,270.27027027027026,0.0,-0.002037534685728065,0.009643398705479117,-0.5081866660205651,False
E2,Cambridge,title,51.0,50/1,bet365,2026-09-04,0.015586797410958236,0.0196078431372549,1.2579776730446042,0.0024,0.0141685807051792,-0.013186797410958236,-0.8776,416.6666666666667,0.0,0.0014182167057790358,0.008993398705479118,-0.541336666020565,False
E2,Doncaster,title,51.0,50/1,bet365,2026-09-04,0.015586797410958236,0.0196078431372549,1.2579776730446042,0.0029,0.0212528710577688,-0.012686797410958236,-0.8521000000000001,344.82758620689657,0.0,-0.005666073646810564,0.009243398705479118,-0.5285866660205649,False
E2,Stevenage,title,67.0,66/1,bet365,2026-09-04,0.011864577133714478,0.014925373134328358,1.2579776730446042,0.0027,0.0176243320966863,-0.009164577133714477,-0.8190999999999999,370.3703703703703,0.0,-0.005759754962971823,0.00728228856685724,-0.512086666020565,False
E2,Barnsley,title,67.0,66/1,bet365,2026-09-04,0.011864577133714478,0.014925373134328358,1.2579776730446042,0.0101,0.0212528710577688,-0.0017645771337144785,-0.32330000000000003,99.00990099009901,0.0,-0.009388293924054322,0.010982288566857238,-0.26418666602056506,False
E2,Notts County,title,81.0,80/1,bet365,2026-09-04,0.009813909480973703,0.012345679012345678,1.2579776730446042,0.0075,0.0176243320966863,-0.002313909480973703,-0.39250000000000007,133.33333333333334,0.0,-0.007810422615712598,0.00865695474048685,-0.29878666602056514,False
E2,Wigan,title,101.0,100/1,bet365,2026-09-04,0.007870561068899704,0.009900990099009901,1.2579776730446042,0.0041,0.0176243320966863,-0.003770561068899703,-0.5859,243.90243902439022,0.0,-0.009753771027786597,0.0059852805344498515,-0.39548666602056504,False
E2,Peterborough,title,101.0,100/1,bet365,2026-09-04,0.007870561068899704,0.009900990099009901,1.2579776730446042,0.0035,0.0176243320966863,-0.004370561068899704,-0.6465000000000001,285.7142857142857,0.0,-0.009753771027786597,0.005685280534449852,-0.42578666602056503,False
E2,Bromley,title,151.0,150/1,bet365,2026-09-04,0.0052644150195951655,0.006622516556291391,1.2579776730446042,0.0,0.0057349017140011,-0.0052644150195951655,-1.0,inf,0.0,-0.00047048669440593466,0.0026322075097975827,-0.602536666020565,False
E2,Burton,title,151.0,150/1,bet365,2026-09-04,0.0052644150195951655,0.006622516556291391,1.2579776730446042,0.0016,0.0089209582217795,-0.0036644150195951656,-0.7584,625.0,0.0,-0.003656543202184335,0.0034322075097975827,-0.481736666020565,False
E2,AFC Wimbledon,title,151.0,150/1,bet365,2026-09-04,0.0052644150195951655,0.006622516556291391,1.2579776730446042,0.0002,0.0071544318412291,-0.005064415019595166,-0.9698,5000.0,0.0,-0.001890016821633935,0.0027322075097975826,-0.587436666020565,False
E2,Leicester,top6,1.4444,4/9,bet365,2026-09-04,0.6189909919187997,0.6923289947382997,1.1184799193800232,0.8346,,0.21560900808120032,0.20549624,1.1981787682722262,0.4624127812781279,,0.7267954959593999,0.049783414363756995,True
E2,Luton,top6,1.6154,8/13,bet365,2026-09-04,0.5534669980980031,0.619041723412158,1.1184799193800232,0.592,,0.03853300190199682,-0.04368320000000003,1.6891891891891893,0.0,,0.5727334990490016,-0.0748063056362428,True
E2,Huddersfield,top6,1.6667,4/6,bet365,2026-09-04,0.5364316246040165,0.5999880002399952,1.1184799193800232,0.6235,,0.08706837539598355,0.039187450000000235,1.6038492381716116,0.058778236088195934,,0.5799658123020083,-0.033370980636242775,True
E2,Sheffield Wed,top6,1.8333,5/6,bet365,2026-09-04,0.48768373355561795,0.5454644629902362,1.1184799193800232,0.7737,,0.2860162664443821,0.41842420999999996,1.2924906294429364,0.5021291371654866,,0.630691866777809,0.1562473993637572,True
E2,Bradford,top6,1.9091,10/11,bet365,2026-09-04,0.4683204592360349,0.5238070294903358,1.1184799193800232,0.3029,,-0.16542045923603488,-0.42173361,3.301419610432486,0.0,,0.38561022961801744,-0.2638315106362429,False
E2,Stockport,top6,2.0,1/1,bet365,2026-09-04,0.44703529436375716,0.5,1.1184799193800232,0.3806,,-0.06643529436375717,-0.2388,2.627430373095113,0.0,,0.4138176471818786,-0.17236470563624284,False
E2,Plymouth,top6,2.5,6/4,bet365,2026-09-04,0.35762823549100575,0.4,1.1184799193800232,0.3474,,-0.010228235491005766,-0.13150000000000006,2.8785261945883707,0.0,,0.3525141177455029,-0.11871470563624276,False
E2,MK Dons,top6,2.75,7/4,bet365,2026-09-04,0.3251165777190961,0.36363636363636365,1.1184799193800232,0.2848,,-0.04031657771909608,-0.2168,3.51123595505618,0.0,,0.304958288859548,-0.16136470563624294,False
E2,Oxford,top6,3.5,5/2,bet365,2026-09-04,0.2554487396364326,0.2857142857142857,1.1184799193800232,0.1755,,-0.07994873963643262,-0.38575000000000004,5.698005698005699,0.0,,0.2154743698182163,-0.2458397056362429,False
E2,Blackpool,top6,4.3333,10/3,bet365,2026-09-04,0.2063255691338043,0.23077100593081484,1.1184799193800232,0.3293,,0.1229744308661957,0.42695569,3.0367446097783177,0.1280879878798788,,0.26781278456690216,0.16051313936375733,True
E2,Wycombe,top6,4.5,7/2,bet365,2026-09-04,0.1986823530505587,0.2222222222222222,1.1184799193800232,0.1608,,-0.037882353050558704,-0.2764,6.218905472636816,0.0,,0.17974117652527935,-0.19116470563624288,False
E2,Mansfield,top6,4.5,7/2,bet365,2026-09-04,0.1986823530505587,0.2222222222222222,1.1184799193800232,0.1183,,-0.0803823530505587,-0.46765,8.4530853761623,0.0,,0.15849117652527936,-0.28678970563624284,False
E2,Reading,top6,5.0,4/1,bet365,2026-09-04,0.17881411774550288,0.2,1.1184799193800232,0.19,,0.011185882254497126,-0.050000000000000044,5.2631578947368425,0.0,,0.18440705887275144,-0.0779647056362428,False
E2,Leyton Orient,top6,6.5,11/2,bet365,2026-09-04,0.1375493213426945,0.15384615384615385,1.1184799193800232,0.0924,,-0.04514932134269452,-0.3994,10.822510822510823,0.0,,0.11497466067134726,-0.25266470563624277,False
E2,Doncaster,top6,6.5,11/2,bet365,2026-09-04,0.1375493213426945,0.15384615384615385,1.1184799193800232,0.0796,,-0.05794932134269451,-0.4825999999999999,12.562814070351758,0.0,,0.10857466067134726,-0.29426470563624285,False
E2,Cambridge,top6,7.0,6/1,bet365,2026-09-04,0.1277243698182163,0.14285714285714285,1.1184799193800232,0.0718,,-0.0559243698182163,-0.49739999999999995,13.927576601671309,0.0,,0.09976218490910815,-0.3016647056362429,False
E2,Barnsley,top6,7.0,6/1,bet365,2026-09-04,0.1277243698182163,0.14285714285714285,1.1184799193800232,0.1733,,0.045575630181783705,0.21310000000000007,5.770340450086555,0.035516666666666676,,0.15051218490910817,0.05358529436375714,True
E2,Stevenage,top6,7.5,13/2,bet365,2026-09-04,0.11920941183033523,0.13333333333333333,1.1184799193800232,0.0566,,-0.06260941183033523,-0.5755,17.6678445229682,0.0,,0.08790470591516761,-0.34071470563624295,False
E2,Notts County,top6,7.5,13/2,bet365,2026-09-04,0.11920941183033523,0.13333333333333333,1.1184799193800232,0.1569,,0.03769058816966478,0.17675000000000018,6.373486297004461,0.02719230769230772,,0.1380547059151676,0.03541029436375709,True
E2,Wigan,top6,9.0,8/1,bet365,2026-09-04,0.09934117652527935,0.1111111111111111,1.1184799193800232,0.0951,,-0.004241176525279347,-0.1441,10.515247108307046,0.0,,0.09722058826263968,-0.12501470563624284,False
E2,Peterborough,top6,11.0,10/1,bet365,2026-09-04,0.08127914442977402,0.09090909090909091,1.1184799193800232,0.074,,-0.007279144429774023,-0.18600000000000005,13.513513513513514,0.0,,0.07763957221488701,-0.14596470563624286,False
E2,Bromley,top6,12.0,11/1,bet365,2026-09-04,0.07450588239395953,0.08333333333333333,1.1184799193800232,0.0095,,-0.06500588239395953,-0.886,105.26315789473685,0.0,,0.04200294119697976,-0.49596470563624284,False
E2,Burton,top6,12.0,11/1,bet365,2026-09-04,0.07450588239395953,0.08333333333333333,1.1184799193800232,0.0605,,-0.014005882393959529,-0.274,16.528925619834713,0.0,,0.06750294119697976,-0.1899647056362428,False
E2,AFC Wimbledon,top6,13.0,12/1,bet365,2026-09-04,0.06877466067134726,0.07692307692307693,1.1184799193800232,0.0169,,-0.05187466067134726,-0.7803,59.1715976331361,0.0,,0.04283733033567363,-0.4431147056362429,False
E3,Bristol Rovers,promotion,2.0,1/1,bet365,2026-09-04,0.4542243391574959,0.5,1.1007776486117185,0.561225,0.3048048293621693,0.10700066084250409,0.12244999999999995,1.7818165619849438,0.12244999999999995,0.1494195097953266,0.507724669578748,0.015449339157495912,True
E3,Barnet,promotion,2.2,6/5,bet365,2026-09-04,0.4129312174159053,0.45454545454545453,1.1007776486117185,0.40264999999999995,0.2915524454768576,-0.010281217415905375,-0.11417,2.483546504408295,0.0,0.12137877193904772,0.40779060870795264,-0.10286066084250411,False
E3,Salford,promotion,2.2,6/5,bet365,2026-09-04,0.4129312174159053,0.45454545454545453,1.1007776486117185,0.43135,0.4572155570533822,0.018418782584094684,-0.05102999999999991,2.318303002202388,0.0,-0.044284339637476855,0.42214060870795267,-0.07129066084250402,False
E3,York,promotion,2.5,6/4,bet365,2026-09-04,0.3633794713259967,0.4,1.1007776486117185,0.290175,0.2394895087845615,-0.07320447132599667,-0.27456249999999993,3.446196260877057,0.0,0.1238899625414352,0.3267772356629983,-0.1830569108425042,False
E3,Grimsby,promotion,3.5,5/2,bet365,2026-09-04,0.25955676523285476,0.2857142857142857,1.1007776486117185,0.279225,0.2579117786910663,0.019668234767145243,-0.022712500000000024,3.5813412122840003,0.0,0.0016449865417884624,0.2693908826164274,-0.05713191084250413,False
E3,Oldham,promotion,3.5,5/2,bet365,2026-09-04,0.25955676523285476,0.2857142857142857,1.1007776486117185,0.233075,0.1862696179435478,-0.026481765232854754,-0.18423749999999994,4.290464442775931,0.0,0.07328714728930696,0.2463158826164274,-0.1378944108425041,False
E3,Chesterfield,promotion,4.3333,10/3,bet365,2026-09-04,0.20964361533126985,0.23077100593081484,1.1007776486117185,0.24580000000000002,0.2579117786910663,0.03615638466873017,0.06512514000000014,4.068348250610252,0.019537737377373812,-0.048268163359796445,0.22772180766563493,-0.013213090842504105,True
E3,Walsall,promotion,5.0,4/1,bet365,2026-09-04,0.18168973566299834,0.2,1.1007776486117185,0.22049999999999997,0.1524024146810846,0.03881026433700163,0.10249999999999981,4.53514739229025,0.025624999999999953,0.02928732098191375,0.20109486783149916,0.005474339157495844,True
E3,Crewe,promotion,5.0,4/1,bet365,2026-09-04,0.18168973566299834,0.2,1.1007776486117185,0.182575,0.1289558893455331,0.0008852643370016455,-0.08712500000000012,5.477201150212242,0.0,0.05273384631746525,0.18213236783149916,-0.08933816084250412,False
E3,Swindon,promotion,5.0,4/1,bet365,2026-09-04,0.18168973566299834,0.2,1.1007776486117185,0.152425,0.1524024146810846,-0.029264735662998337,-0.23787499999999995,6.5606035755289485,0.0,0.02928732098191375,0.16705736783149916,-0.1647131608425042,False
E3,Port Vale,promotion,5.5,9/2,bet365,2026-09-04,0.16517248696636214,0.18181818181818182,1.1007776486117185,0.161275,0.2579117786910663,-0.0038974869663621348,-0.11298750000000002,6.200589055960316,0.0,-0.09273929172470416,0.16322374348318108,-0.10226941084250407,False
E3,Colchester,promotion,5.5,9/2,bet365,2026-09-04,0.16517248696636214,0.18181818181818182,1.1007776486117185,0.16094999999999998,0.1397022134576609,-0.0042224869663621545,-0.11477500000000007,6.213109661385524,0.0,0.025470273508701236,0.16306124348318107,-0.1031631608425041,False
E3,Rotherham,promotion,8.0,7/1,bet365,2026-09-04,0.11355608478937397,0.125,1.1007776486117185,0.172925,0.2095533201864914,0.059368915210626025,0.38339999999999996,5.782853838369236,0.05477142857142857,-0.09599723539711742,0.14324054239468698,0.1459243391574958,True
E3,Northampton,promotion,9.0,8/1,bet365,2026-09-04,0.10093874203499907,0.1111111111111111,1.1007776486117185,0.0702,0.1289558893455331,-0.030738742034999073,-0.36819999999999997,14.245014245014245,0.0,-0.02801714731053402,0.08556937101749953,-0.22987566084250421,False
E3,Fleetwood,promotion,11.0,10/1,bet365,2026-09-04,0.08258624348318107,0.09090909090909091,1.1007776486117185,0.062200000000000005,0.0838213280745965,-0.020386243483181063,-0.31579999999999997,16.07717041800643,0.0,-0.001235084591415428,0.07239312174159054,-0.203675660842504,False
E3,Tranmere,promotion,13.0,12/1,bet365,2026-09-04,0.06988066756269168,0.07692307692307693,1.1007776486117185,0.052275,0.0838213280745965,-0.017605667562691676,-0.32042499999999996,19.12960306073649,0.0,-0.013940660511904818,0.06107783378134584,-0.20598816084250404,False
E3,Rochdale,promotion,13.0,12/1,bet365,2026-09-04,0.06988066756269168,0.07692307692307693,1.1007776486117185,0.041275,0.1197447543922807,-0.02860566756269168,-0.463425,24.227740763173834,0.0,-0.049864086829589024,0.05557783378134584,-0.27748816084250405,False
E3,Cheltenham,promotion,13.0,12/1,bet365,2026-09-04,0.06988066756269168,0.07692307692307693,1.1007776486117185,0.0414,0.0558808853830643,-0.02848066756269168,-0.4618,24.154589371980677,0.0,0.013999782179627378,0.055640333781345835,-0.27667566084250417,False
E3,Gillingham,promotion,15.0,14/1,bet365,2026-09-04,0.06056324522099945,0.06666666666666667,1.1007776486117185,0.0889,0.1524024146810846,0.028336754779000557,0.33350000000000013,11.248593925759279,0.02382142857142858,-0.09183916946008513,0.07473162261049973,0.120974339157496,False
E3,Exeter,promotion,17.0,16/1,bet365,2026-09-04,0.053438157547940686,0.058823529411764705,1.1007776486117185,0.0552,0.0986133271465841,0.0017618424520593132,-0.06159999999999999,18.115942028985508,0.0,-0.04517516959864342,0.05431907877397034,-0.07657566084250422,False
E3,Shrewsbury,promotion,21.0,20/1,bet365,2026-09-04,0.04325946087214246,0.047619047619047616,1.1007776486117185,0.03975,0.0762012073405423,-0.0035094608721424614,-0.16525,25.157232704402514,0.0,-0.032941746468399834,0.04150473043607123,-0.12840066084250412,False
E3,Crawley,promotion,26.0,25/1,bet365,2026-09-04,0.03494033378134584,0.038461538461538464,1.1007776486117185,0.03505,0.0644779446727665,0.0001096662186541586,-0.0887,28.530670470756064,0.0,-0.029537610891420665,0.03499516689067292,-0.09012566084250406,False
E3,Accrington,promotion,34.0,33/1,bet365,2026-09-04,0.026719078773970343,0.029411764705882353,1.1007776486117185,0.0129,0.0558808853830643,-0.013819078773970343,-0.5614,77.51937984496124,0.0,-0.029161806609093958,0.01980953938698517,-0.32647566084250423,False
E3,Newport,promotion,34.0,33/1,bet365,2026-09-04,0.026719078773970343,0.029411764705882353,1.1007776486117185,0.006699999999999999,0.0441164884603139,-0.020019078773970342,-0.7722,149.2537313432836,0.0,-0.017397409686343557,0.016709539386985172,-0.43187566084250417,False
E3,Newport,relegation,3.25,9/4,bet365,2026-09-04,0.2553852011377312,0.3076923076923077,1.2048165137273041,0.3929,0.2699407794179554,0.1375147988622688,0.2769250000000001,2.5451768897938405,0.12307777777777781,-0.01455557828022419,0.3241426005688656,0.05346345184881329,True
E3,Accrington,relegation,3.5,5/2,bet365,2026-09-04,0.2371434010564647,0.2857142857142857,1.2048165137273041,0.3208,0.1724621646281382,0.08365659894353528,0.1227999999999998,3.117206982543641,0.04911999999999992,0.06468123642832649,0.27897170052823234,-0.023599048151186852,True
E3,Crawley,relegation,4.0,3/1,bet365,2026-09-04,0.20750047592440662,0.25,1.2048165137273041,0.166,0.1552159481653244,-0.041500475924406616,-0.33599999999999997,6.024096385542168,0.0,0.05228452775908221,0.1867502379622033,-0.2529990481511868,False
E3,Shrewsbury,relegation,4.5,7/2,bet365,2026-09-04,0.18444486748836145,0.2222222222222222,1.2048165137273041,0.1437,0.1193968832040957,-0.04074486748836145,-0.35335000000000005,6.958942240779402,0.0,0.06504798428426575,0.16407243374418073,-0.26167404815118667,False
E3,Exeter,relegation,6.0,5/1,bet365,2026-09-04,0.13833365061627106,0.16666666666666666,1.2048165137273041,0.1059,0.1193968832040957,-0.03243365061627107,-0.36460000000000004,9.442870632672333,0.0,0.01893676741217537,0.12211682530813553,-0.26729904815118677,False
E3,Gillingham,relegation,6.0,5/1,bet365,2026-09-04,0.13833365061627106,0.16666666666666666,1.2048165137273041,0.0665,0.0517386493884414,-0.07183365061627106,-0.601,15.037593984962406,0.0,0.08659500122782966,0.10241682530813553,-0.38549904815118685,False
E3,Cheltenham,relegation,9.0,8/1,bet365,2026-09-04,0.09222243374418072,0.1111111111111111,1.2048165137273041,0.1379,0.1790967024730856,0.04567756625581927,0.24109999999999987,7.251631617113851,0.030137499999999984,-0.08687426872890487,0.11506121687209037,0.035550951848813295,True
E3,Rochdale,relegation,9.0,8/1,bet365,2026-09-04,0.09222243374418072,0.1111111111111111,1.2048165137273041,0.1477,0.0970099676033277,0.055477566255819274,0.3292999999999999,6.7704807041299935,0.04116249999999999,-0.004787533859146972,0.11996121687209035,0.0796509518488131,True
E3,Fleetwood,relegation,9.0,8/1,bet365,2026-09-04,0.09222243374418072,0.1111111111111111,1.2048165137273041,0.0915,0.1108685344038031,-0.0007224337441807255,-0.1765,10.92896174863388,0.0,-0.018646100659622383,0.09186121687209037,-0.1732490481511867,False
E3,Tranmere,relegation,9.0,8/1,bet365,2026-09-04,0.09222243374418072,0.1111111111111111,1.2048165137273041,0.1093,0.1293466234711036,0.01707756625581927,-0.016300000000000092,9.149130832570906,0.0,-0.03712418972692287,0.10076121687209036,-0.09314904815118674,False
E3,Rotherham,relegation,11.0,10/1,bet365,2026-09-04,0.07545471851796605,0.09090909090909091,1.2048165137273041,0.0264,0.0862310823140691,-0.04905471851796605,-0.7096,37.87878787878788,0.0,-0.010776363796103056,0.05092735925898302,-0.43979904815118676,False
E3,Port Vale,relegation,13.0,12/1,bet365,2026-09-04,0.0638463002844328,0.07692307692307693,1.2048165137273041,0.0374,0.0298492208010239,-0.026446300284432803,-0.5138,26.7379679144385,0.0,0.03399707948340891,0.050623150142216404,-0.34189904815118677,False
E3,Northampton,relegation,15.0,14/1,bet365,2026-09-04,0.05533346024650843,0.06666666666666667,1.2048165137273041,0.085,0.0596984416020478,0.029666539753491573,0.27500000000000013,11.76470588235294,0.019642857142857153,-0.004364981355539366,0.07016673012325422,0.052500951848813315,False
E3,Swindon,relegation,17.0,16/1,bet365,2026-09-04,0.04882364139397803,0.058823529411764705,1.2048165137273041,0.0307,0.0517386493884414,-0.01812364139397803,-0.47809999999999997,32.57328990228013,0.0,-0.00291500799446337,0.03976182069698902,-0.32404904815118674,False
E3,Walsall,relegation,21.0,20/1,bet365,2026-09-04,0.03952390017607745,0.047619047619047616,1.2048165137273041,0.0153,0.0596984416020478,-0.02422390017607745,-0.6787000000000001,65.35947712418302,0.0,-0.020174541425970346,0.027411950088038727,-0.4243490481511868,False
E3,Colchester,relegation,21.0,20/1,bet365,2026-09-04,0.03952390017607745,0.047619047619047616,1.2048165137273041,0.0323,0.0517386493884414,-0.00722390017607745,-0.3217,30.959752321981423,0.0,-0.01221474921236395,0.03591195008803873,-0.2458490481511867,False
E3,Crewe,relegation,26.0,25/1,bet365,2026-09-04,0.0319231501422164,0.038461538461538464,1.2048165137273041,0.0256,0.0596984416020478,-0.0063231501422164015,-0.3343999999999999,39.0625,0.0,-0.027775291459831396,0.0287615750711082,-0.25219904815118677,False
E3,Chesterfield,relegation,26.0,25/1,bet365,2026-09-04,0.0319231501422164,0.038461538461538464,1.2048165137273041,0.0164,0.0267613703733317,-0.015523150142216401,-0.5735999999999999,60.975609756097555,0.0,0.005161779768884704,0.0241615750711082,-0.3717990481511868,False
E3,Oldham,relegation,41.0,40/1,bet365,2026-09-04,0.02024394887067382,0.024390243902439025,1.2048165137273041,0.0172,0.0456517494603895,-0.003043948870673819,-0.29479999999999995,58.13953488372093,0.0,-0.025407800589715684,0.018721974435336908,-0.23239904815118684,False
E3,Grimsby,relegation,41.0,40/1,bet365,2026-09-04,0.02024394887067382,0.024390243902439025,1.2048165137273041,0.0107,0.0298492208010239,-0.00954394887067382,-0.5613,93.45794392523365,0.0,-0.00960527193035008,0.015471974435336908,-0.3656490481511867,False
E3,York,relegation,67.0,66/1,bet365,2026-09-04,0.012388088114889948,0.014925373134328358,1.2048165137273041,0.0108,0.0337425974272444,-0.001588088114889948,-0.2764,92.59259259259258,0.0,-0.02135450931235445,0.011594044057444974,-0.22319904815118674,False
E3,Salford,relegation,81.0,80/1,bet365,2026-09-04,0.010246937082686746,0.012345679012345678,1.2048165137273041,0.0045,0.0152172498201298,-0.005746937082686746,-0.6355,222.22222222222223,0.0,-0.004970312737443054,0.007373468541343372,-0.40274904815118684,False
E3,Bristol Rovers,relegation,81.0,80/1,bet365,2026-09-04,0.010246937082686746,0.012345679012345678,1.2048165137273041,0.0014,0.0228258747301947,-0.008846937082686746,-0.8866,714.2857142857143,0.0,-0.012578937647507954,0.005823468541343373,-0.5282990481511868,False
E3,Barnet,relegation,81.0,80/1,bet365,2026-09-04,0.010246937082686746,0.012345679012345678,1.2048165137273041,0.0041,0.0228258747301947,-0.006146937082686745,-0.6678999999999999,243.90243902439022,0.0,-0.012578937647507954,0.0071734685413433735,-0.4189490481511867,False
E3,Bristol Rovers,title,6.0,5/1,bet365,2026-09-04,0.13791697870801978,0.16666666666666666,1.2084564803258346,0.2403,0.0837506358774258,0.10238302129198024,0.4418000000000002,4.161464835622139,0.08836000000000004,0.054166342830593975,0.1891084893540099,0.13465093612405932,True
E3,Barnet,title,7.0,6/1,bet365,2026-09-04,0.11821455317830266,0.14285714285714285,1.2084564803258346,0.128,0.0749347794692757,0.009785446821697338,-0.10399999999999998,7.8125,0.0,0.04327977370902697,0.12310727658915133,-0.13824906387594071,False
E3,Salford,title,8.0,7/1,bet365,2026-09-04,0.10343773403101483,0.125,1.2084564803258346,0.1392,0.1581956455462488,0.03576226596898516,0.11359999999999992,7.183908045977012,0.01622857142857142,-0.05475791151523396,0.12131886701550741,-0.029449063875940706,True
E3,York,title,10.0,9/1,bet365,2026-09-04,0.08275018722481188,0.1,1.2084564803258346,0.0699,0.0547600311506245,-0.012850187224811876,-0.30099999999999993,14.306151645207438,0.0,0.02799015607418738,0.07632509361240594,-0.23674906387594064,False
E3,Oldham,title,13.0,12/1,bet365,2026-09-04,0.06365399017293222,0.07692307692307693,1.2084564803258346,0.0501,0.0474586936638746,-0.013553990172932219,-0.3487,19.960079840319363,0.0,0.01619529650905762,0.05687699508646611,-0.26059906387594056,False
E3,Grimsby,title,13.0,12/1,bet365,2026-09-04,0.06365399017293222,0.07692307692307693,1.2084564803258346,0.0654,0.0647164004507381,0.001746009827067782,-0.14980000000000004,15.290519877675841,0.0,-0.0010624102778058891,0.06452699508646612,-0.16114906387594052,False
E3,Chesterfield,title,17.0,16/1,bet365,2026-09-04,0.04867658072047757,0.058823529411764705,1.2084564803258346,0.0538,0.0593233670798433,0.00512341927952243,-0.08540000000000003,18.587360594795538,0.0,-0.01064678635936573,0.05123829036023879,-0.12894906387594063,False
E3,Swindon,title,17.0,16/1,bet365,2026-09-04,0.04867658072047757,0.058823529411764705,1.2084564803258346,0.0261,0.0374673897346378,-0.02257658072047757,-0.5563,38.314176245210724,0.0,0.011209190985839772,0.03738829036023879,-0.36439906387594057,False
E3,Walsall,title,21.0,20/1,bet365,2026-09-04,0.03940485105943422,0.047619047619047616,1.2084564803258346,0.0486,0.0374673897346378,0.009195148940565778,0.02059999999999995,20.5761316872428,0.0010299999999999975,0.0019374613247964204,0.04400242552971711,-0.07594906387594069,False
E3,Port Vale,title,21.0,20/1,bet365,2026-09-04,0.03940485105943422,0.047619047619047616,1.2084564803258346,0.0285,0.0647164004507381,-0.010904851059434218,-0.40149999999999997,35.08771929824561,0.0,-0.025311549391303888,0.03395242552971711,-0.28699906387594065,False
E3,Crewe,title,26.0,25/1,bet365,2026-09-04,0.03182699508646611,0.038461538461538464,1.2084564803258346,0.0353,0.0273800155753122,0.003473004913533889,-0.08220000000000005,28.328611898016998,0.0,0.004446979511153908,0.03356349754323305,-0.12734906387594058,False
E3,Colchester,title,26.0,25/1,bet365,2026-09-04,0.03182699508646611,0.038461538461538464,1.2084564803258346,0.0267,0.0309513219547008,-0.005126995086466107,-0.30579999999999996,37.45318352059925,0.0,0.0008756731317653074,0.029263497543233055,-0.2391490638759406,False
E3,Rotherham,title,34.0,33/1,bet365,2026-09-04,0.024338290360238785,0.029411764705882353,1.2084564803258346,0.0322,0.0474586936638746,0.007861709639761214,0.0948,31.055900621118013,0.0028727272727272725,-0.023120403303635812,0.028269145180119394,-0.03884906387594056,False
E3,Northampton,title,34.0,33/1,bet365,2026-09-04,0.024338290360238785,0.029411764705882353,1.2084564803258346,0.0087,0.0309513219547008,-0.015638290360238786,-0.7042,114.9425287356322,0.0,-0.006613031594462016,0.01651914518011939,-0.43834906387594075,False
E3,Fleetwood,title,41.0,40/1,bet365,2026-09-04,0.020182972493856553,0.024390243902439025,1.2084564803258346,0.006,0.0173629367062956,-0.014182972493856553,-0.754,166.66666666666666,0.0,0.0028200357875609525,0.013091486246928276,-0.46324906387594067,False
E3,Exeter,title,41.0,40/1,bet365,2026-09-04,0.020182972493856553,0.024390243902439025,1.2084564803258346,0.0058,0.0209376589693564,-0.014382972493856554,-0.7622,172.41379310344828,0.0,-0.0007546864754998453,0.012991486246928276,-0.46734906387594066,False
E3,Rochdale,title,41.0,40/1,bet365,2026-09-04,0.020182972493856553,0.024390243902439025,1.2084564803258346,0.0043,0.0245476001709696,-0.015882972493856555,-0.8237,232.5581395348837,0.0,-0.004364627677113046,0.012241486246928276,-0.4980990638759407,False
E3,Cheltenham,title,41.0,40/1,bet365,2026-09-04,0.020182972493856553,0.024390243902439025,1.2084564803258346,0.005,0.0139584393129043,-0.015182972493856552,-0.7949999999999999,200.0,0.0,0.006224533180952254,0.012591486246928277,-0.48374906387594063,False
E3,Tranmere,title,51.0,50/1,bet365,2026-09-04,0.016225526906825858,0.0196078431372549,1.2084564803258346,0.006,0.0173629367062956,-0.010225526906825858,-0.694,166.66666666666666,0.0,-0.0011374097994697428,0.01111276345341293,-0.43324906387594053,False
E3,Gillingham,title,51.0,50/1,bet365,2026-09-04,0.016225526906825858,0.0196078431372549,1.2084564803258346,0.0122,0.0338990669027676,-0.004025526906825857,-0.3777999999999999,81.96721311475409,0.0,-0.017673539995941744,0.014212763453412929,-0.2751490638759406,False
E3,Shrewsbury,title,101.0,100/1,bet365,2026-09-04,0.00819308784404078,0.009900990099009901,1.2084564803258346,0.0034,0.0173629367062956,-0.00479308784404078,-0.6566000000000001,294.11764705882354,0.0,-0.009169848862254821,0.00579654392202039,-0.4145490638759406,False
E3,Crawley,title,101.0,100/1,bet365,2026-09-04,0.00819308784404078,0.009900990099009901,1.2084564803258346,0.0035,0.0173629367062956,-0.00469308784404078,-0.6465000000000001,285.7142857142857,0.0,-0.009169848862254821,0.00584654392202039,-0.4094990638759406,False
E3,Accrington,title,101.0,100/1,bet365,2026-09-04,0.00819308784404078,0.009900990099009901,1.2084564803258346,0.0007,0.0106250806710167,-0.00749308784404078,-0.9293,1428.5714285714287,0.0,-0.002431992826975921,0.00444654392202039,-0.5508990638759407,False
E3,Newport,title,201.0,200/1,bet365,2026-09-04,0.00411692473755283,0.004975124378109453,1.2084564803258346,0.0003,0.0070483208411695,-0.0038169247375528298,-0.9397,3333.3333333333335,0.0,-0.00293139610361667,0.002208462368776415,-0.5560990638759407,False
E3,Bristol Rovers,top6,1.3636,4/11,bet365,2026-09-04,0.6578371565130601,0.7333528894103843,1.114793961012485,0.7599,,0.10206284348693995,0.03619963999999998,1.3159626266614028,0.09955896589658962,,0.70886857825653,-0.03338680668939564,True
E3,Barnet,top6,1.4444,4/9,bet365,2026-09-04,0.6210376257416288,0.6923289947382997,1.114793961012485,0.6167,,-0.00433762574162877,-0.10923852,1.6215339711366952,0.0,,0.6188688128708144,-0.10610588668939569,False
E3,Salford,top6,1.6154,8/13,bet365,2026-09-04,0.5552969831751942,0.619041723412158,1.114793961012485,0.6478,,0.09250301682480588,0.04645611999999999,1.5436863229391786,0.07548930776730581,,0.601548491587597,-0.028258566689395748,True
E3,York,top6,1.7273,8/11,bet365,2026-09-04,0.5193230745216283,0.578938227291148,1.114793961012485,0.4953,,-0.024023074521628274,-0.14446830999999993,2.0189783969311526,0.0,,0.5073115372608141,-0.12372078168939571,False
E3,Oldham,top6,1.8333,5/6,bet365,2026-09-04,0.4892962126336162,0.5454644629902362,1.114793961012485,0.4193,,-0.06999621263361622,-0.23129730999999998,2.3849272597185784,0.0,,0.4542981063168081,-0.16713528168939573,False
E3,Grimsby,top6,1.9091,10/11,bet365,2026-09-04,0.4698689155210353,0.5238070294903358,1.114793961012485,0.4815,,0.01163108447896466,-0.08076835000000004,2.0768431983385254,0.0,,0.47568445776051765,-0.09187080168939576,False
E3,Chesterfield,top6,2.0,1/1,bet365,2026-09-04,0.44851337331060426,0.5,1.114793961012485,0.442,,-0.0065133733106042535,-0.11599999999999999,2.262443438914027,0.0,,0.44525668665530216,-0.10948662668939568,False
E3,Crewe,top6,2.5,6/4,bet365,2026-09-04,0.3588106986484834,0.4,1.114793961012485,0.3415,,-0.01731069864848339,-0.14625,2.928257686676427,0.0,,0.35015534932424175,-0.12461162668939563,False
E3,Walsall,top6,2.75,7/4,bet365,2026-09-04,0.326191544225894,0.36363636363636365,1.114793961012485,0.3993,,0.07310845577410596,0.09807499999999991,2.504382669671926,0.056042857142857096,,0.362745772112947,-0.0024491266893957864,True
E3,Colchester,top6,2.875,15/8,bet365,2026-09-04,0.31200930317259423,0.34782608695652173,1.114793961012485,0.3141,,0.002090696827405758,-0.09696250000000006,3.183699458771092,0.0,,0.3130546515862971,-0.09996787668939588,False
E3,Port Vale,top6,3.0,2/1,bet365,2026-09-04,0.2990089155404028,0.3333333333333333,1.114793961012485,0.3076,,0.008591084459597165,-0.07720000000000005,3.2509752925877766,0.0,,0.30330445777020143,-0.09008662668939571,False
E3,Swindon,top6,3.25,9/4,bet365,2026-09-04,0.27600822972960265,0.3076923076923077,1.114793961012485,0.2947,,0.018691770270397368,-0.04222499999999996,3.39328130302002,0.0,,0.28535411486480133,-0.07259912668939572,False
E3,Rotherham,top6,3.25,9/4,bet365,2026-09-04,0.27600822972960265,0.3076923076923077,1.114793961012485,0.3326,,0.05659177027039736,0.08095000000000008,3.006614552014432,0.03597777777777781,,0.30430411486480136,-0.011011626689395593,True
E3,Fleetwood,top6,3.5,5/2,bet365,2026-09-04,0.25629335617748816,0.2857142857142857,1.114793961012485,0.1375,,-0.11879335617748815,-0.5187499999999999,7.2727272727272725,0.0,,0.1968966780887441,-0.31086162668939565,False
E3,Northampton,top6,4.5,7/2,bet365,2026-09-04,0.1993392770269352,0.2222222222222222,1.114793961012485,0.1575,,-0.04183927702693521,-0.29125,6.349206349206349,0.0,,0.1784196385134676,-0.19711162668939586,False
E3,Tranmere,top6,5.5,9/2,bet365,2026-09-04,0.163095772112947,0.18181818181818182,1.114793961012485,0.1215,,-0.041595772112947016,-0.33175,8.23045267489712,0.0,,0.1422978860564735,-0.21736162668939574,False
E3,Cheltenham,top6,6.0,5/1,bet365,2026-09-04,0.1495044577702014,0.16666666666666666,1.114793961012485,0.0948,,-0.054704457770201415,-0.4312,10.548523206751055,0.0,,0.1221522288851007,-0.26708662668939576,False
E3,Exeter,top6,7.0,6/1,bet365,2026-09-04,0.12814667808874408,0.14285714285714285,1.114793961012485,0.1212,,-0.006946678088744079,-0.15159999999999996,8.25082508250825,0.0,,0.12467333904437204,-0.12728662668939572,False
E3,Gillingham,top6,8.0,7/1,bet365,2026-09-04,0.11212834332765106,0.125,1.114793961012485,0.193,,0.08087165667234894,0.544,5.181347150259067,0.07771428571428572,,0.15256417166382552,0.22051337331060417,True
E3,Rochdale,top6,8.0,7/1,bet365,2026-09-04,0.11212834332765106,0.125,1.114793961012485,0.0946,,-0.01752834332765106,-0.24319999999999997,10.570824524312895,0.0,,0.10336417166382553,-0.17308662668939578,False
E3,Shrewsbury,top6,11.0,10/1,bet365,2026-09-04,0.0815478860564735,0.09090909090909091,1.114793961012485,0.0924,,0.01085211394352649,0.01639999999999997,10.822510822510823,0.001639999999999997,,0.08697394302823674,-0.04328662668939587,False
E3,Crawley,top6,13.0,12/1,bet365,2026-09-04,0.06900205743240066,0.07692307692307693,1.114793961012485,0.0835,,0.014497942567599342,0.08550000000000013,11.976047904191615,0.007125000000000011,,0.07625102871620033,-0.008736626689395677,False
E3,Newport,top6,15.0,14/1,bet365,2026-09-04,0.05980178310808057,0.06666666666666667,1.114793961012485,0.0193,,-0.04050178310808057,-0.7104999999999999,51.81347150259067,0.0,,0.039550891554040284,-0.4067366266893957,False
E3,Accrington,top6,15.0,14/1,bet365,2026-09-04,0.05980178310808057,0.06666666666666667,1.114793961012485,0.0324,,-0.02740178310808057,-0.514,30.8641975308642,0.0,,0.046100891554040284,-0.30848662668939575,False
