team,competition,matchdates
Arsenal,Champions League,08/09/2026;13/10/2026;20/10/2026;03/11/2026;24/11/2026;08/12/2026;19/01/2027;27/01/2027
Man City,Champions League,08/09/2026;13/10/2026;20/10/2026;03/11/2026;24/11/2026;08/12/2026;19/01/2027;27/01/2027
Man Utd,Champions League,08/09/2026;13/10/2026;20/10/2026;03/11/2026;24/11/2026;08/12/2026;19/01/2027;27/01/2027
Aston Villa,Champions League,08/09/2026;13/10/2026;20/10/2026;03/11/2026;24/11/2026;08/12/2026;19/01/2027;27/01/2027
Liverpool,Champions League,08/09/2026;13/10/2026;20/10/2026;03/11/2026;24/11/2026;08/12/2026;19/01/2027;27/01/2027
Bournemouth,Europa League,16/09/2026;15/10/2026;22/10/2026;05/11/2026;26/11/2026;10/12/2026;21/01/2027;28/01/2027
Sunderland,Europa League,16/09/2026;15/10/2026;22/10/2026;05/11/2026;26/11/2026;10/12/2026;21/01/2027;28/01/2027
Crystal Palace,Europa League,16/09/2026;15/10/2026;22/10/2026;05/11/2026;26/11/2026;10/12/2026;21/01/2027;28/01/2027
Brighton,Conference League,15/10/2026;22/10/2026;05/11/2026;26/11/2026;10/12/2026;17/12/2026
