team,market,odds_decimal,odds_frac,bookmaker,source,as_of_date
West Ham,promotion,1.2222,2/9,bet365,https://www.bet365.com/hub/en-gb/football/football-competitions/championship,2026-10-08
Wolves,promotion,1.9091,10/11,bet365,https://www.bet365.com/hub/en-gb/football/football-competitions/championship,2026-10-08
Middlesbrough,promotion,2.375,11/8,bet365,https://www.bet365.com/hub/en-gb/football/football-competitions/championship,2026-10-08
Southampton,promotion,3.25,9/4,bet365,https://www.bet365.com/hub/en-gb/football/football-competitions/championship,2026-10-08
Swansea,promotion,6.0,5/1,bet365,https://www.bet365.com/hub/en-gb/football/football-competitions/championship,2026-10-08
Norwich,promotion,7.5,13/2,bet365,https://www.bet365.com/hub/en-gb/football/football-competitions/championship,2026-10-08
West Brom,promotion,7.5,13/2,bet365,https://www.bet365.com/hub/en-gb/football/football-competitions/championship,2026-10-08
Birmingham,promotion,7.5,13/2,bet365,https://www.bet365.com/hub/en-gb/football/football-competitions/championship,2026-10-08
Wrexham,promotion,7.5,13/2,bet365,https://www.bet365.com/hub/en-gb/football/football-competitions/championship,2026-10-08
Millwall,promotion,8.0,7/1,bet365,https://www.bet365.com/hub/en-gb/football/football-competitions/championship,2026-10-08
Burnley,promotion,11.0,10/1,bet365,https://www.bet365.com/hub/en-gb/football/football-competitions/championship,2026-10-08
Bristol City,promotion,17.0,16/1,bet365,https://www.bet365.com/hub/en-gb/football/football-competitions/championship,2026-10-08
QPR,promotion,21.0,20/1,bet365,https://www.bet365.com/hub/en-gb/football/football-competitions/championship,2026-10-08
Stoke,promotion,21.0,20/1,bet365,https://www.bet365.com/hub/en-gb/football/football-competitions/championship,2026-10-08
Sheffield United,promotion,34.0,33/1,bet365,https://www.bet365.com/hub/en-gb/football/football-competitions/championship,2026-10-08
Watford,promotion,51.0,50/1,bet365,https://www.bet365.com/hub/en-gb/football/football-competitions/championship,2026-10-08
Derby,promotion,51.0,50/1,bet365,https://www.bet365.com/hub/en-gb/football/football-competitions/championship,2026-10-08
Portsmouth,promotion,67.0,66/1,bet365,https://www.bet365.com/hub/en-gb/football/football-competitions/championship,2026-10-08
Lincoln,promotion,67.0,66/1,bet365,https://www.bet365.com/hub/en-gb/football/football-competitions/championship,2026-10-08
Blackburn,promotion,67.0,66/1,bet365,https://www.bet365.com/hub/en-gb/football/football-competitions/championship,2026-10-08
Cardiff,promotion,67.0,66/1,bet365,https://www.bet365.com/hub/en-gb/football/football-competitions/championship,2026-10-08
Bolton,promotion,81.0,80/1,bet365,https://www.bet365.com/hub/en-gb/football/football-competitions/championship,2026-10-08
Charlton,promotion,101.0,100/1,bet365,https://www.bet365.com/hub/en-gb/football/football-competitions/championship,2026-10-08
Preston,promotion,101.0,100/1,bet365,https://www.bet365.com/hub/en-gb/football/football-competitions/championship,2026-10-08
West Ham,title,2.0,1/1,bet365,https://www.bet365.com/hub/en-gb/football/football-competitions/championship,2026-10-08
Wolves,title,5.5,9/2,bet365,https://www.bet365.com/hub/en-gb/football/football-competitions/championship,2026-10-08
Middlesbrough,title,7.0,6/1,bet365,https://www.bet365.com/hub/en-gb/football/football-competitions/championship,2026-10-08
Southampton,title,13.0,12/1,bet365,https://www.bet365.com/hub/en-gb/football/football-competitions/championship,2026-10-08
Swansea,title,17.0,16/1,bet365,https://www.bet365.com/hub/en-gb/football/football-competitions/championship,2026-10-08
Norwich,title,34.0,33/1,bet365,https://www.bet365.com/hub/en-gb/football/football-competitions/championship,2026-10-08
West Brom,title,34.0,33/1,bet365,https://www.bet365.com/hub/en-gb/football/football-competitions/championship,2026-10-08
Birmingham,title,34.0,33/1,bet365,https://www.bet365.com/hub/en-gb/football/football-competitions/championship,2026-10-08
Wrexham,title,34.0,33/1,bet365,https://www.bet365.com/hub/en-gb/football/football-competitions/championship,2026-10-08
Millwall,title,41.0,40/1,bet365,https://www.bet365.com/hub/en-gb/football/football-competitions/championship,2026-10-08
Bristol City,title,67.0,66/1,bet365,https://www.bet365.com/hub/en-gb/football/football-competitions/championship,2026-10-08
Stoke,title,67.0,66/1,bet365,https://www.bet365.com/hub/en-gb/football/football-competitions/championship,2026-10-08
Burnley,title,81.0,80/1,bet365,https://www.bet365.com/hub/en-gb/football/football-competitions/championship,2026-10-08
QPR,title,81.0,80/1,bet365,https://www.bet365.com/hub/en-gb/football/football-competitions/championship,2026-10-08
Sheffield United,title,101.0,100/1,bet365,https://www.bet365.com/hub/en-gb/football/football-competitions/championship,2026-10-08
Cardiff,title,151.0,150/1,bet365,https://www.bet365.com/hub/en-gb/football/football-competitions/championship,2026-10-08
Watford,title,201.0,200/1,bet365,https://www.bet365.com/hub/en-gb/football/football-competitions/championship,2026-10-08
Blackburn,title,201.0,200/1,bet365,https://www.bet365.com/hub/en-gb/football/football-competitions/championship,2026-10-08
Portsmouth,title,251.0,250/1,bet365,https://www.bet365.com/hub/en-gb/football/football-competitions/championship,2026-10-08
Lincoln,title,251.0,250/1,bet365,https://www.bet365.com/hub/en-gb/football/football-competitions/championship,2026-10-08
Derby,title,251.0,250/1,bet365,https://www.bet365.com/hub/en-gb/football/football-competitions/championship,2026-10-08
Bolton,title,251.0,250/1,bet365,https://www.bet365.com/hub/en-gb/football/football-competitions/championship,2026-10-08
Charlton,title,501.0,500/1,bet365,https://www.bet365.com/hub/en-gb/football/football-competitions/championship,2026-10-08
Preston,title,501.0,500/1,bet365,https://www.bet365.com/hub/en-gb/football/football-competitions/championship,2026-10-08
Preston,relegation,1.6667,4/6,bet365,https://www.bet365.com/hub/en-gb/football/football-competitions/championship,2026-10-08
Lincoln,relegation,2.2,6/5,bet365,https://www.bet365.com/hub/en-gb/football/football-competitions/championship,2026-10-08
Bolton,relegation,2.5,6/4,bet365,https://www.bet365.com/hub/en-gb/football/football-competitions/championship,2026-10-08
Derby,relegation,3.25,9/4,bet365,https://www.bet365.com/hub/en-gb/football/football-competitions/championship,2026-10-08
Charlton,relegation,3.75,11/4,bet365,https://www.bet365.com/hub/en-gb/football/football-competitions/championship,2026-10-08
Blackburn,relegation,4.0,3/1,bet365,https://www.bet365.com/hub/en-gb/football/football-competitions/championship,2026-10-08
Sheffield United,relegation,4.5,7/2,bet365,https://www.bet365.com/hub/en-gb/football/football-competitions/championship,2026-10-08
Cardiff,relegation,4.5,7/2,bet365,https://www.bet365.com/hub/en-gb/football/football-competitions/championship,2026-10-08
Watford,relegation,4.5,7/2,bet365,https://www.bet365.com/hub/en-gb/football/football-competitions/championship,2026-10-08
Portsmouth,relegation,6.0,5/1,bet365,https://www.bet365.com/hub/en-gb/football/football-competitions/championship,2026-10-08
Burnley,relegation,11.0,10/1,bet365,https://www.bet365.com/hub/en-gb/football/football-competitions/championship,2026-10-08
QPR,relegation,21.0,20/1,bet365,https://www.bet365.com/hub/en-gb/football/football-competitions/championship,2026-10-08
Bristol City,relegation,21.0,20/1,bet365,https://www.bet365.com/hub/en-gb/football/football-competitions/championship,2026-10-08
Stoke,relegation,34.0,33/1,bet365,https://www.bet365.com/hub/en-gb/football/football-competitions/championship,2026-10-08
Wrexham,relegation,34.0,33/1,bet365,https://www.bet365.com/hub/en-gb/football/football-competitions/championship,2026-10-08
West Brom,relegation,51.0,50/1,bet365,https://www.bet365.com/hub/en-gb/football/football-competitions/championship,2026-10-08
Norwich,relegation,51.0,50/1,bet365,https://www.bet365.com/hub/en-gb/football/football-competitions/championship,2026-10-08
Swansea,relegation,67.0,66/1,bet365,https://www.bet365.com/hub/en-gb/football/football-competitions/championship,2026-10-08
Millwall,relegation,67.0,66/1,bet365,https://www.bet365.com/hub/en-gb/football/football-competitions/championship,2026-10-08
Birmingham,relegation,81.0,80/1,bet365,https://www.bet365.com/hub/en-gb/football/football-competitions/championship,2026-10-08
Southampton,relegation,201.0,200/1,bet365,https://www.bet365.com/hub/en-gb/football/football-competitions/championship,2026-10-08
Middlesbrough,relegation,351.0,350/1,bet365,https://www.bet365.com/hub/en-gb/football/football-competitions/championship,2026-10-08
Wolves,relegation,351.0,350/1,bet365,https://www.bet365.com/hub/en-gb/football/football-competitions/championship,2026-10-08
West Ham,relegation,501.0,500/1,bet365,https://www.bet365.com/hub/en-gb/football/football-competitions/championship,2026-10-08
