team,div,played,pts,pts_vs_mkt,xgxp_vs_mkt,luck,rating_now,sim_title,sim_promo,sim_releg,live_title,live_promo,live_releg,pos,played_prev,pts_prev,pts_vs_mkt_prev,xgxp_vs_mkt_prev,luck_prev,rating_now_prev,sim_title_prev,sim_promo_prev,sim_releg_prev,live_title_prev,live_promo_prev,live_releg_prev,pos_prev,d_played,d_pts,d_pts_vs_mkt,d_xgxp_vs_mkt,d_luck,d_rating_now,d_sim_title,d_sim_promo,d_sim_releg,d_live_title,d_live_promo,d_live_releg,d_pos,since
Arsenal,E0,4,12.0,3.744838364898685,0.46195195031228486,3.2828864145864003,0.7067809148402241,0.5558,,0.0,1.6667,,1501.0,1,3,9.0,2.879920299974745,1.0043115425015543,1.8756087574731903,0.7154714827668464,0.5318,,0.0,1.7273,,1501.0,2,1,3.0,0.8649180649239403,-0.5423595921892694,1.40727765711321,-0.008690567926622261,0.02399999999999991,,0.0,-0.06059999999999999,,0.0,-1,2026-09-12
Man City,E0,4,12.0,3.911374790175767,-0.1240619153870206,4.0354367055627876,0.6242379566154667,0.35,,0.0,3.25,,15.0,2,3,9.0,2.287312844959173,0.000563518082826,2.286749326876347,0.6248236722517321,0.2994,,0.0,3.75,,15.0,1,1,3.0,1.624061945216594,-0.1246254334698466,1.7486873786864408,-0.0005857156362654159,0.05059999999999998,,0.0,-0.5,,0.0,1,2026-09-12
Liverpool,E0,4,6.0,-2.1712481706826914,-1.7593927627116965,-0.41185540797099485,0.46842058077854654,0.0376,,0.0,29.0,,251.0,8,3,5.0,-0.9775533576405032,-1.316606939654581,0.3390535820140776,0.4747112751467105,0.0634,,0.0002,15.0,,251.0,6,1,1.0,-1.193694813042188,-0.44278582305711556,-0.7509089899850725,-0.006290694368163985,-0.025799999999999997,,-0.0002,14.0,,0.0,2,2026-09-12
Man Utd,E0,4,4.0,-3.844849300202627,-0.4155398307284628,-3.4293094694741644,0.45385663081169947,0.0226,,0.0001,34.0,,101.0,13,3,4.0,-2.489477789619847,-0.4313527927710883,-2.0581249968487585,0.4520780672186047,0.0391,,0.0001,26.0,,101.0,11,1,0.0,-1.3553715105827804,0.0158129620426255,-1.3711844726254059,0.0017785635930947508,-0.016500000000000004,,0.0,8.0,,0.0,2,2026-09-12
Chelsea,E0,4,7.0,-0.23370899450308436,-1.785572054633823,1.5518630601307386,0.39105032725842037,0.0301,,0.0001,13.0,,201.0,6,3,6.0,1.338856552302011,-0.3618932172396327,1.7007497695416438,0.4136234419904167,0.0602,,0.0003,9.0,,201.0,4,1,1.0,-1.5725655468050954,-1.4236788373941902,-0.1488867094109052,-0.022573114731996302,-0.0301,,-0.00019999999999999998,4.0,,0.0,2,2026-09-12
Tottenham,E0,4,2.0,-4.673052829934768,-2.3693790513029525,-2.3036737786318158,0.18130189001894875,0.0017,,0.0142,151.0,,13.0,17,3,1.0,-3.836694041370333,-1.4070452419957395,-2.429648799374593,0.1932599221687893,0.0024,,0.0091,151.0,,13.0,18,1,1.0,-0.8363587885644352,-0.9623338093072129,0.12597502074277722,-0.011958032149840536,-0.0006999999999999999,,0.0051,0.0,,0.0,-1,2026-09-12
Aston Villa,E0,4,1.0,-5.239996774653907,-2.9850149664170393,-2.2549818082368676,0.09957864535221551,0.0001,,0.0348,351.0,,13.0,19,3,1.0,-3.4414127855633883,-1.8180341918708336,-1.6233785936925544,0.1169319945130975,0.0006,,0.02,201.0,,21.0,17,1,0.0,-1.7985839890905186,-1.1669807745462057,-0.6316032145443131,-0.017353349160881992,-0.0004999999999999999,,0.014799999999999997,150.0,,-8.0,2,2026-09-12
Brighton,E0,4,7.0,1.2708398096933786,1.1044545786999729,0.16638523099340574,0.04849426827062959,0.0015,,0.0114,101.0,,41.0,5,3,4.0,-0.0036073761990991,0.8513395316852534,-0.8549469078843526,0.0444710246395382,0.0015,,0.0132,151.0,,34.0,10,1,3.0,1.2744471858924777,0.25311504701471943,1.0213321388777583,0.00402324363109139,0.0,,-0.0017999999999999995,-50.0,,7.0,-5,2026-09-12
Newcastle,E0,4,5.0,0.013317489317212328,-2.012988894512681,2.026306383829893,-0.04980237431747975,0.0001,,0.0374,351.0,,13.0,12,3,5.0,1.3687706483757838,-1.2713494308283717,2.6401200792041557,-0.0390194299741839,0.0002,,0.0231,251.0,,17.0,7,1,0.0,-1.3554531590585714,-0.7416394636843091,-0.6138136953742626,-0.010782944343295846,-0.0001,,0.014300000000000004,100.0,,-4.0,5,2026-09-12
Everton,E0,4,6.0,1.2057338723725906,0.2686146112737866,0.937119261098804,-0.08087197250928185,0.0002,,0.0345,401.0,,11.0,9,3,5.0,1.122644340817588,-0.6278120630523771,1.7504564038699653,-0.092725880603735,0.0007,,0.0399,401.0,,11.0,8,1,1.0,0.08308953155500265,0.8964266743261637,-0.8133371427711613,0.01185390809445315,-0.0005,,-0.005399999999999995,0.0,,0.0,1,2026-09-12
Bournemouth,E0,4,3.0,-1.7819322373498778,2.105462676161249,-3.8873949135111268,-0.060246900288257466,0.0,,0.062,401.0,,13.0,15,3,2.0,-1.2443425895802909,1.2295813048018074,-2.4739238943820983,-0.0728848791586073,0.0001,,0.0649,401.0,,15.0,15,1,1.0,-0.537589647769587,0.8758813713594416,-1.4134710191290285,0.012637978870349828,-0.0001,,-0.0029,0.0,,-2.0,0,2026-09-12
Brentford,E0,4,6.0,0.6086552318565115,0.4566736995333285,0.151981532323183,-0.0800740859390765,0.0001,,0.0461,201.0,,41.0,7,3,5.0,0.8053629294995934,1.2559383810520917,-0.4505754515524982,-0.0674304831822509,0.0004,,0.0342,151.0,,34.0,5,1,1.0,-0.19670769764308194,-0.7992646815187632,0.6025569838756812,-0.012643602756825606,-0.00030000000000000003,,0.0119,50.0,,7.0,2,2026-09-12
Nott'm Forest,E0,4,5.0,0.597956655285719,1.827190450848084,-1.2292337955623651,-0.09160424802808356,0.0002,,0.0499,401.0,,11.0,11,3,2.0,-1.4506970538535198,0.6071034551783727,-2.0578005090318925,-0.1091526776163434,0.0,,0.0857,501.0,,8.0,16,1,3.0,2.0486537091392387,1.2200869956697113,0.8285667134695274,0.017548429588259834,0.0002,,-0.0358,-100.0,,3.0,-5,2026-09-12
Leeds,E0,4,8.0,3.0074395338923754,0.48434088422245747,2.523098649669918,-0.16676477830589448,0.0,,0.0529,251.0,,15.0,3,3,5.0,1.3832957675565165,-0.2986644364625874,1.681960204019104,-0.1775642178145648,0.0001,,0.0757,351.0,,13.0,9,1,3.0,1.6241437663358589,0.7830053206850449,0.841138445650814,0.010799439508670322,-0.0001,,-0.0228,-100.0,,2.0,-6,2026-09-12
Crystal Palace,E0,4,3.0,-1.9675962449824835,-1.8557545808438851,-0.11184166413859842,-0.22579206672461555,0.0,,0.2112,2001.0,,3.25,16,3,3.0,-0.1030591182073363,-0.7640824223513349,0.6610233041439986,-0.2107702290757267,0.0001,,0.1357,1501.0,,4.3333,13,1,0.0,-1.8645371267751472,-1.0916721584925502,-0.772864968282597,-0.015021837648888842,-0.0001,,0.07550000000000001,500.0,,-1.0833000000000004,3,2026-09-12
Fulham,E0,4,1.0,-3.2986421413548,1.4777446337088636,-4.7763867750636635,-0.1834457483600275,0.0,,0.2229,1501.0,,3.0,18,3,0.0,-3.69422055858663,1.1357505704304227,-4.829971129017053,-0.1897300181932334,0.0,,0.2303,1501.0,,2.75,19,1,1.0,0.39557841723182996,0.34199406327844084,0.05358435395338912,0.006284269833205902,0.0,,-0.007400000000000018,0.0,,0.25,-1,2026-09-12
Sunderland,E0,4,4.0,-0.621590272798727,1.3046035933898832,-1.9261938661886102,-0.2501505052818156,0.0,,0.2062,1501.0,,3.75,14,3,4.0,0.0324400927092716,0.7726289933364177,-0.740188900627146,-0.2581562017053892,0.0,,0.1836,1501.0,,3.75,12,1,0.0,-0.6540303655079986,0.5319746000534655,-1.1860049655614642,0.008005696423573627,0.0,,0.02259999999999998,0.0,,0.0,2,2026-09-12
Coventry,E0,4,0.0,-3.504517082902569,0.08025267480957199,-3.584769757712141,-0.49706072769920445,0.0,,0.7458,2501.0,,1.3333,20,3,0.0,-2.485829610351351,0.2764228246358926,-2.762252434987244,-0.4928906832172776,0.0,,0.6814,2501.0,,1.4444,20,1,0.0,-1.018687472551218,-0.19617014982632064,-0.822517322724897,-0.004170044481926871,0.0,,0.06440000000000001,0.0,,-0.11109999999999998,0,2026-09-12
Ipswich,E0,4,6.0,2.7758963878111356,2.191278881852389,0.5846175059587466,-0.5090901623608732,0.0,,0.4884,1501.0,,2.375,10,3,3.0,0.667294277223963,1.1033552456117413,-0.4360609683877783,-0.5240815773029827,0.0,,0.5981,2001.0,,2.0,14,1,3.0,2.1086021105871726,1.0879236362406477,1.020678474346525,0.014991414942109427,0.0,,-0.10969999999999996,-500.0,,0.375,-4,2026-09-12
Hull,E0,4,8.0,5.6505779600754575,1.5547032201560427,4.095874739919415,-0.7788176441315406,0.0,,0.7821,751.0,,1.6154,4,3,7.0,4.95062493458909,0.3012382911404745,4.649386643448615,-0.8009646028514399,0.0,,0.8045,2001.0,,1.5333,3,1,1.0,0.6999530254863675,1.2534649290155682,-0.5535119035292002,0.022146958719899246,0.0,,-0.022399999999999975,-1250.0,,0.08209999999999984,1,2026-09-12
West Ham,E1,7,14.0,0.9552339344587857,0.9357811155744233,0.019452818884362344,0.552054091802483,0.6217,0.851975,0.0,2.0,1.25,501.0,1,7,14.0,0.9552339344587856,0.9357811155744232,0.0194528188843623,0.5524387807431823,0.6224,0.84575,0.0,2.625,1.3333,,1,0,0.0,1.1102230246251565e-16,1.1102230246251565e-16,4.5102810375396984e-17,-0.00038468894069931814,-0.0006999999999999229,0.006225000000000036,0.0,-0.625,-0.08329999999999993,,0,2026-09-12
Wolves,E1,6,11.0,1.9184628659637522,1.498680767011935,0.41978209895181706,0.32852159317857244,0.1686,0.5258,0.0004,6.0,2.0,351.0,7,5,8.0,0.3069993583027273,0.743409368827594,-0.4364100105248667,0.3184672932380435,0.132,0.45115,0.0006,6.0,2.375,,11,1,3.0,1.6114635076610249,0.7552713981843411,0.8561921094766838,0.010054299940528921,0.036599999999999994,0.07465000000000005,-0.00019999999999999993,0.0,-0.375,,-4,2026-09-12
Middlesbrough,E1,7,14.0,2.890740025255429,1.3820125826802787,1.5087274425751502,0.2111326623067621,0.078,0.3507,0.0015,7.0,2.375,301.0,3,5,10.0,2.1493165102282727,1.3760123345045976,0.7733041757236752,0.2111641572882807,0.0868,0.3425249999999999,0.0017,5.5,2.25,,6,2,4.0,0.7414235150271562,0.006000248175681122,0.7354232668514751,-3.149498151860941e-05,-0.008800000000000002,0.008175000000000099,-0.00019999999999999987,1.5,0.125,,-3,2026-09-12
Burnley,E1,7,3.0,-6.795795431949287,-1.9745685089720642,-4.821226922977223,0.1608244758658167,0.0049,0.07095,0.043,51.0,9.0,17.0,24,6,3.0,-5.376363713472253,-1.763002254074005,-3.6133614593982486,0.1628041659947135,0.0095,0.095225,0.0301,41.0,9.0,,23,1,0.0,-1.4194317184770338,-0.21156625489805925,-1.2078654635789743,-0.001979690128896816,-0.0046,-0.024275000000000005,0.012899999999999998,10.0,0.0,,1,2026-09-12
Southampton,E1,7,10.0,3.1681307297469203,-0.5183904298059794,3.6865211595528997,0.12610787483266078,0.0193,0.14345,0.0132,12.0,3.0,251.0,9,6,7.0,1.840267260542273,0.0203426981674095,1.8199245623748637,0.1346606568022106,0.0156,0.128475,0.0191,17.0,4.5,,13,1,3.0,1.3278634692046474,-0.5387331279733889,1.866596597178036,-0.00855278196954981,0.003700000000000002,0.014974999999999988,-0.005899999999999999,-5.0,-1.5,,-4,2026-09-12
Birmingham,E1,7,10.0,0.4499628963553768,2.1208399005437855,-1.6708770041884087,0.16107880554621684,0.0277,0.19324999999999998,0.0063,21.0,6.5,81.0,10,6,7.0,-1.2529132060188637,1.2071259956252174,-2.460039201644081,0.1481059506132408,0.0215,0.150975,0.0127,21.0,5.5,,14,1,3.0,1.7028761023742405,0.9137139049185681,0.7891621974556724,0.012972854932976036,0.006200000000000001,0.04227499999999998,-0.0063999999999999994,0.0,1.0,,-4,2026-09-12
Norwich,E1,7,9.0,-0.33797040941020917,0.8991877421682144,-1.2371581515784236,0.1007534095741395,0.014,0.1266,0.0192,26.0,6.5,81.0,14,6,9.0,0.7678262064496657,0.8905911138488047,-0.122764907399139,0.1008684624782781,0.0223,0.1543749999999999,0.014,21.0,6.0,,9,1,0.0,-1.1057966158598749,0.00859662831940966,-1.1143932441792845,-0.0001150529041386017,-0.0083,-0.02777499999999991,0.005199999999999998,5.0,0.5,,5,2026-09-12
Sheffield United,E1,7,9.0,-1.349974884251358,-3.204079243337464,1.8541043590861062,0.039951223123373424,0.0062,0.0706,0.0413,101.0,26.0,4.5,15,6,9.0,-0.0249580237334878,-2.513272392232281,2.488314368498793,0.0496790446883904,0.0107,0.09335,0.0263,,17.0,,10,1,0.0,-1.32501686051787,-0.690806851105183,-0.634210009412687,-0.009727821565016975,-0.0045,-0.022750000000000006,0.015000000000000003,,9.0,,5,2026-09-12
Wrexham,E1,7,7.0,-2.383987047185858,1.2289757200040192,-3.6129627671898774,0.08686819967242329,0.0055,0.07602500000000001,0.0352,51.0,8.0,29.0,19,7,7.0,-2.383987047185858,1.2289757200040192,-3.612962767189877,0.0865406144616589,0.0061,0.078575,0.0326,41.0,8.0,,16,0,0.0,0.0,0.0,-4.440892098500626e-16,0.0003275852107643973,-0.0006000000000000007,-0.0025499999999999967,0.002600000000000005,10.0,0.0,,3,2026-09-12
Millwall,E1,7,10.0,0.32317662059542407,2.0232798461199923,-1.7001032255245683,0.10508217221976625,0.0163,0.131375,0.0138,51.0,9.0,51.0,11,5,9.0,1.7599736628467335,1.3974903999245472,0.3624832629221863,0.0976501078071377,0.0257,0.16625,0.0142,17.0,4.5,,8,2,1.0,-1.4367970422513094,0.6257894461954452,-2.0625864884467546,0.0074320644126285446,-0.009400000000000002,-0.03487500000000002,-0.00040000000000000105,34.0,4.5,,3,2026-09-12
Stoke,E1,7,10.0,0.2931501994502561,-1.7995670253623768,2.092717224812633,0.005451753741225177,0.006,0.0704,0.0374,81.0,26.0,26.0,12,6,7.0,-1.4040313532006046,-2.734654333277323,1.3306229800767184,-0.0066757404600124,0.0034,0.0513,0.061,,21.0,,15,1,3.0,1.6971815526508607,0.9350873079149462,0.7620942447359145,0.012127494201237578,0.0026000000000000003,0.019100000000000006,-0.023599999999999996,,5.0,,-3,2026-09-12
Derby,E1,7,4.0,-5.831500807441262,-3.4191946185393496,-2.412306188901913,-0.06158837949778691,0.0003,0.010849999999999999,0.2083,251.0,51.0,3.25,22,6,4.0,-4.414785489909473,-2.611227890050285,-1.803557599859188,-0.0489538824161861,0.001,0.018925,0.1585,,34.0,,22,1,0.0,-1.4167153175317893,-0.8079667284890646,-0.6087485890427249,-0.012634497081600811,-0.0007000000000000001,-0.008075000000000002,0.04980000000000001,,17.0,,0,2026-09-12
West Brom,E1,7,14.0,4.323937898270602,0.3385617460247925,3.9853761522458093,-0.0025863276145873726,0.0125,0.11850000000000001,0.0158,26.0,8.0,67.0,4,6,13.0,4.955450735076909,-0.2023167343244285,5.157767469401337,-0.0095876931798032,0.0166,0.129775,0.0172,21.0,9.0,,2,1,1.0,-0.6315128368063068,0.540878480349221,-1.1723913171555278,0.007001365565215827,-0.0040999999999999995,-0.011274999999999993,-0.0013999999999999985,5.0,-1.0,,2,2026-09-12
Bristol City,E1,7,10.0,0.6238324843730361,-0.6311526009933637,1.2549850853663997,-0.03361607744853407,0.0037,0.0523,0.0534,81.0,21.0,17.0,13,5,10.0,3.522625430937631,-1.3142699139082747,4.836895344845906,-0.0437966252957957,0.0096,0.085375,0.0339,,12.0,,7,2,0.0,-2.898792946564595,0.6831173129149111,-3.581910259479506,0.010180547847261627,-0.005899999999999999,-0.03307500000000001,0.019500000000000003,,9.0,,6,2026-09-12
Swansea,E1,7,14.0,5.158882164971235,2.003399871950208,3.155482293021027,-0.03893188626945193,0.0091,0.096125,0.0227,26.0,6.5,51.0,2,6,11.0,3.453326409856153,1.7864111696430296,1.6669152402131235,-0.0407614557305141,0.0087,0.078875,0.0327,21.0,8.0,,3,1,3.0,1.705555755115082,0.21698870230717837,1.4885670528079036,0.0018295694610621707,0.00040000000000000105,0.01725,-0.009999999999999998,5.0,-1.5,,-1,2026-09-12
Watford,E1,7,8.0,-0.6242594071459457,-1.6196361503187262,0.9953767431727805,-0.122200651450762,0.0012,0.01645,0.149,151.0,41.0,6.5,17,6,8.0,0.7866886862794988,-0.7175549284463765,1.5042436147258753,-0.1103415490547341,0.0013,0.02675,0.1114,,41.0,,12,1,0.0,-1.4109480934254446,-0.9020812218723497,-0.5088668715530948,-0.011859102396027901,-0.00010000000000000005,-0.0103,0.037599999999999995,,0.0,,5,2026-09-12
QPR,E1,7,12.0,2.6205659992121966,1.7497356181374464,0.8708303810747502,-0.08624396331562788,0.003,0.046225,0.0628,67.0,21.0,17.0,5,6,11.0,2.710674503518545,2.260405634078216,0.4502688694403289,-0.078954662788693,0.0042,0.051525,0.0574,,21.0,,4,1,1.0,-0.09010850430634854,-0.5106700159407698,0.4205615116344213,-0.007289300526934883,-0.0011999999999999997,-0.005299999999999999,0.005399999999999995,,0.0,,1,2026-09-12
Portsmouth,E1,6,7.0,-1.42741864558797,-0.4103727645797939,-1.0170458810081762,-0.12144583277681215,0.0008,0.014175,0.1852,201.0,51.0,6.0,18,5,6.0,-1.0938035934729091,-0.0414145184704164,-1.052389075002493,-0.1180677009249899,0.0012,0.019825,0.1646,,34.0,,17,1,1.0,-0.33361505211506093,-0.3689582461093775,0.035343193994316735,-0.003378131851822244,-0.00039999999999999986,-0.005649999999999999,0.020600000000000007,,17.0,,1,2026-09-12
Blackburn,E1,7,8.0,-0.9224164081386643,-1.9007257585416317,0.9783093504029674,-0.147730495551551,0.0003,0.012275000000000001,0.1944,251.0,67.0,3.75,16,6,5.0,-2.567120270059576,-1.3876166125010805,-1.1795036575584952,-0.1404940751023708,0.0005,0.009775,0.236,,67.0,,18,1,3.0,1.6447038619209118,-0.5131091460405512,2.1578130079614626,-0.0072364204491801865,-0.00020000000000000004,0.0025000000000000005,-0.0416,,0.0,,-2,2026-09-12
Preston,E1,7,3.0,-6.2416906727226955,0.6061373603244036,-6.847828033047099,-0.17682596845096993,0.0,0.001875,0.4688,501.0,101.0,1.8,23,6,3.0,-4.549343194257248,1.1451113450615535,-5.6944545393188015,-0.1708733967352605,0.0001,0.003575,0.3885,,67.0,,24,1,0.0,-1.6923474784654475,-0.53897398473715,-1.1533734937282976,-0.005952571715709426,-0.0001,-0.0017000000000000001,0.08029999999999998,,34.0,,-1,2026-09-12
Cardiff,E1,7,4.0,-4.076164706583835,3.175379104754853,-7.2515438113386885,-0.1922560125001381,0.0,0.00305,0.4271,251.0,81.0,3.75,21,6,4.0,-2.880911774449632,1.882624883715489,-4.763536658165121,-0.2100246307547984,0.0001,0.003375,0.3891,,51.0,,20,1,0.0,-1.1952529321342031,1.292754221039364,-2.4880071531735677,0.017768618254660307,-0.0001,-0.00032499999999999977,0.03799999999999998,,30.0,,1,2026-09-12
Bolton,E1,7,7.0,-1.3515275633510662,-1.8657703508087273,0.5142427874576612,-0.27930428163976645,0.0002,0.00275,0.4283,251.0,101.0,2.0,20,6,4.0,-2.8303802349641627,-0.6904783582714202,-2.1399018766927425,-0.2612255732090021,0.0,0.00255,0.4618,,101.0,,21,1,3.0,1.4788526716130965,-1.175291992537307,2.6541446641504036,-0.018078708430764368,0.0002,0.00019999999999999966,-0.033499999999999974,,0.0,,-1,2026-09-12
Charlton,E1,7,12.0,4.114939051485552,-0.6437170953607492,4.758656146846302,-0.29548407514183295,0.0003,0.008875000000000001,0.2476,201.0,81.0,4.5,6,6,11.0,4.494824631328337,-0.9225883652563498,5.4174129965846864,-0.2987704334943432,0.0006,0.00965,0.2303,,41.0,,5,1,1.0,-0.37988557984278426,0.2788712698956006,-0.6587568497383849,0.0032863583525102325,-0.0003,-0.0007749999999999996,0.017299999999999982,,40.0,,1,2026-09-12
Lincoln,E1,7,11.0,3.5455787624133634,2.9412046831390217,0.6043740792743417,-0.3196123102056188,0.0004,0.005425,0.3253,201.0,51.0,2.5,8,5,5.0,-0.5289310159832583,2.6218019928978995,-3.150733008881158,-0.3238518149686327,0.0001,0.002075,0.5063,,67.0,,19,2,6.0,4.074509778396622,0.3194026902411222,3.7551070881554995,0.004239504763013879,0.00030000000000000003,0.00335,-0.181,,-16.0,,-11,2026-09-12
Leicester,E2,6,8.0,-2.5349059588783565,-2.6236194995532847,0.0887135406749282,0.4026847015230122,0.2819,0.5501499999999999,0.0022,6.5,2.5,15.0,13,5,5.0,-4.02144208855572,-1.6141523796971562,-2.4072897088585634,0.4185543065850422,0.2471,0.5097,0.003,5.0,2.2,34.0,18,1,3.0,1.4865361296773631,-1.0094671198561285,2.4960032495334916,-0.01586960506203,0.0348,0.040449999999999875,-0.0007999999999999999,1.5,0.2999999999999998,-19.0,-5,2026-09-12
Sheffield Wed,E2,6,13.0,3.1554624579663564,1.4553682245461896,1.7000942334201667,0.2677973197096415,0.2535,0.5226,0.0012,7.0,2.75,67.0,1,5,12.0,3.9436480148945456,2.3244319934939317,1.6192160214006144,0.2787268669082935,0.2941,0.565575,0.0017,8.5,3.25,29.0,1,1,1.0,-0.7881855569281893,-0.8690637689477421,0.08087821201955236,-0.010929547198652023,-0.04059999999999997,-0.042975000000000096,-0.0005,-1.5,-0.5,38.0,0,2026-09-12
Luton,E2,6,8.0,-1.4711771653866936,0.6063961261705675,-2.077573291557261,0.2058394869893201,0.0748,0.2479,0.0178,10.0,3.5,51.0,12,6,8.0,-1.4711771653866936,0.6063961261705675,-2.077573291557261,0.2056960352731165,0.0707,0.2399,0.015,7.0,2.625,29.0,8,0,0.0,0.0,0.0,0.0,0.00014345171620358532,0.004100000000000006,0.008000000000000007,0.0028000000000000004,3.0,0.875,22.0,4,2026-09-12
Huddersfield,E2,6,12.0,2.640944806895721,2.3535297876567167,0.28741501923900437,0.17908087205452988,0.1178,0.33785,0.0078,7.0,2.625,67.0,2,5,11.0,3.035149082567157,1.423790983508546,1.6113580990586112,0.166337781410726,0.1096,0.32605,0.0087,7.0,2.75,34.0,2,1,1.0,-0.3942042756714361,0.9297388041481707,-1.3239430798196068,0.012743090643803884,0.008199999999999999,0.011799999999999977,-0.0008999999999999998,0.0,-0.125,33.0,0,2026-09-12
Plymouth,E2,6,10.0,1.602277692291974,-1.3595621359350485,2.9618398282270224,0.11290398930073814,0.0563,0.208925,0.0227,15.0,5.5,21.0,6,5,7.0,0.2894321952243235,-0.4071464586154576,0.6965786538397811,0.1235388423040372,0.0437,0.188475,0.031,15.0,5.0,13.0,14,1,3.0,1.3128454970676504,-0.9524156773195909,2.2652611743872413,-0.010634853003299055,0.0126,0.020449999999999996,-0.008299999999999998,0.0,0.5,8.0,-8,2026-09-12
MK Dons,E2,6,5.0,-3.284587603400661,0.3490929453467775,-3.6336805487474386,0.11017236266519806,0.016,0.09970000000000001,0.0716,21.0,8.0,11.0,20,5,4.0,-2.58287125766993,0.5860924808008212,-3.168963738470752,0.1133414315943925,0.0207,0.1124,0.06,17.0,5.5,13.0,19,1,1.0,-0.7017163457307309,-0.23699953545404373,-0.46471681027668676,-0.0031690689291944407,-0.004699999999999999,-0.012699999999999989,0.0116,4.0,2.5,-2.0,1,2026-09-12
Stockport,E2,6,9.0,0.9999832920483414,2.1228108748017043,-1.122827582753363,0.13403753619054412,0.055,0.20539999999999997,0.0205,8.0,3.25,41.0,8,5,9.0,2.2040014997606807,1.0152784162144437,1.188723083546237,0.1183718029070704,0.07,0.23235,0.0191,10.0,3.75,21.0,3,1,0.0,-1.2040182077123394,1.1075324585872606,-2.3115506662996,0.015665733283473718,-0.015000000000000006,-0.02695000000000003,0.001400000000000002,-2.0,-0.5,20.0,5,2026-09-12
Bradford,E2,6,12.0,3.4127898616937884,-0.26335981592963265,3.676149677623421,0.07155218127462074,0.0473,0.190925,0.0244,10.0,3.5,41.0,3,5,9.0,1.7533809130289617,-0.2874375378939993,2.040818450922961,0.0707182678109213,0.0347,0.152125,0.0387,10.0,3.5,21.0,5,1,3.0,1.6594089486648267,0.02407772196436664,1.63533122670046,0.0008339134636994316,0.0126,0.0388,-0.014299999999999997,0.0,0.0,20.0,-2,2026-09-12
Wycombe,E2,6,6.0,-1.9500144133830348,-0.828072802517215,-1.1219416108658198,0.029434864895072847,0.0106,0.068725,0.1121,34.0,13.0,8.0,19,5,3.0,-3.61547494017573,-0.8496712535969486,-2.7658036865787814,0.029472245032861,0.0055,0.049225,0.1447,29.0,10.0,7.5,23,1,3.0,1.6654605267926952,0.02159845107973357,1.6438620757129616,-3.738013778815247e-05,0.0051,0.019499999999999997,-0.03259999999999999,5.0,3.0,0.5,-4,2026-09-12
Blackpool,E2,6,8.0,-0.5372194760734903,0.6417314156305416,-1.178950891704032,0.029091992449481296,0.0143,0.0828,0.0849,51.0,17.0,5.0,10,5,7.0,0.2672108472907153,0.8207866799252237,-0.5535758326345084,0.0319078731419804,0.0217,0.09925,0.073,26.0,9.0,8.0,12,1,1.0,-0.8044303233642056,-0.1790552642946821,-0.6253750590695235,-0.0028158806924991064,-0.0074,-0.016450000000000006,0.011900000000000008,25.0,8.0,-3.0,-2,2026-09-12
Oxford,E2,5,10.0,3.7290202508693433,0.07941292310418202,3.6496073277651613,-0.01313451774467978,0.0271,0.124725,0.0527,17.0,6.0,13.0,5,4,7.0,2.420401963967854,-0.2505272060255175,2.6709291699933715,-0.0166482179924385,0.0184,0.1026499999999999,0.0754,21.0,8.0,7.0,11,1,3.0,1.3086182869014893,0.3299401291296995,0.9786781577717898,0.0035137002477587196,0.0087,0.02207500000000011,-0.022699999999999998,-4.0,-2.0,6.0,-6,2026-09-12
Reading,E2,5,7.0,-0.1283514029258992,2.9910019111597688,-3.119353314085668,0.03251966405450408,0.016,0.0834,0.0864,17.0,7.0,11.0,14,4,7.0,1.2036469495950026,2.3515801711970266,-1.147933221602024,0.0251491339429509,0.0246,0.107925,0.0708,34.0,11.0,6.0,9,1,0.0,-1.3319983525209018,0.6394217399627422,-1.971420092483644,0.00737053011155318,-0.0086,-0.02452499999999999,0.015600000000000003,-17.0,-4.0,5.0,5,2026-09-12
Barnsley,E2,6,7.0,-1.2417509637746669,0.8170346250252472,-2.058785588799914,-0.0409152702724408,0.005,0.0383,0.1686,101.0,34.0,2.75,18,5,7.0,-0.2024188145340142,-0.0673345105312854,-0.1350843040027287,-0.0518624472429446,0.0069,0.04675,0.1564,67.0,21.0,3.75,15,1,0.0,-1.0393321492406526,0.8843691355565325,-1.9237012847971853,0.010947176970503798,-0.0018999999999999998,-0.00845,0.012199999999999989,34.0,13.0,-1.0,3,2026-09-12
Wigan,E2,6,4.0,-3.91940987658022,1.3081287156570394,-5.227538592237259,-0.03989766776333617,0.0023,0.022475000000000002,0.2508,101.0,21.0,3.5,23,5,3.0,-3.973031669108794,0.5052869290283901,-4.478318598137184,-0.0510107437028276,0.0024,0.020825,0.27,101.0,26.0,3.0,24,1,1.0,0.05362179252857402,0.8028417866286492,-0.7492199941000752,0.01111307593949143,-9.999999999999983e-05,0.0016500000000000022,-0.019199999999999995,0.0,-5.0,0.5,-1,2026-09-12
Doncaster,E2,6,3.0,-5.182735785631175,0.9936852306659016,-6.176421016297077,-0.045710900400520796,0.0015,0.0162,0.3112,101.0,26.0,3.5,24,5,3.0,-3.81193837196691,0.3047112376147627,-4.116649609581673,-0.0555347484951398,0.0015,0.020525,0.2858,51.0,15.0,4.3333,22,1,0.0,-1.370797413664265,0.6889739930511389,-2.059771406715404,0.009823848094619003,0.0,-0.0043250000000000025,0.025399999999999978,50.0,11.0,-0.8333000000000004,2,2026-09-12
Mansfield,E2,6,7.0,-0.5372788686616898,-1.8508215239603922,1.3135426552987024,-0.10060655555464049,0.0032,0.027225,0.2207,67.0,21.0,4.3333,17,5,6.0,-0.2165040308338417,-1.015839674836451,0.7993356440026096,-0.0878661972711891,0.0046,0.03375,0.1955,26.0,11.0,7.0,17,1,1.0,-0.3207748378278481,-0.8349818491239411,0.5142070112960928,-0.01274035828345138,-0.0013999999999999998,-0.006525000000000003,0.0252,41.0,10.0,-2.6666999999999996,0,2026-09-12
Stevenage,E2,6,9.0,1.1010679332541127,-0.84894827289106,1.9500162061451727,-0.08438730292445037,0.005,0.040025000000000005,0.1673,51.0,17.0,4.5,9,6,9.0,1.101067933254113,-0.84894827289106,1.950016206145173,-0.0846571654085263,0.005,0.03925,0.1652,67.0,21.0,3.5,4,0,0.0,-2.220446049250313e-16,0.0,-2.220446049250313e-16,0.00026986248407592783,0.0,0.0007750000000000049,0.0020999999999999908,-16.0,-4.0,1.0,5,2026-09-12
Notts County,E2,6,7.0,-0.1609055876429366,1.4304264607875172,-1.5913320484304538,-0.06199567880726252,0.0045,0.037075,0.1753,81.0,21.0,3.75,16,5,7.0,1.2133646419000907,1.611890137127654,-0.3985254952275632,-0.0606676745360181,0.0097,0.0553499999999999,0.1393,81.0,21.0,3.5,13,1,0.0,-1.3742702295430274,-0.18146367634013671,-1.1928065532028906,-0.0013280042712444165,-0.005200000000000001,-0.018274999999999902,0.036000000000000004,0.0,0.0,0.25,3,2026-09-12
Peterborough,E2,6,5.0,-2.3979024034202867,1.4075291753010495,-3.805431578721336,-0.08211528849439007,0.0014,0.0204,0.2742,101.0,34.0,2.625,21,5,4.0,-2.372095232227906,1.1709346766268638,-3.54302990885477,-0.0850694409669354,0.0016,0.0212,0.2746,101.0,29.0,2.75,20,1,1.0,-0.02580717119238063,0.2365944986741857,-0.2624016698665663,0.0029541524725453377,-0.0002000000000000001,-0.0007999999999999986,-0.00040000000000001146,0.0,5.0,-0.125,1,2026-09-12
Leyton Orient,E2,6,7.0,-0.5228115935316335,-1.9468380086358277,1.4240264151041941,-0.13498250241178475,0.0014,0.021525000000000002,0.2728,51.0,21.0,4.5,15,5,7.0,0.8575368978714195,-1.922627441519813,2.7801643393912325,-0.1350325499005994,0.0032,0.026025,0.2364,51.0,17.0,4.3333,10,1,0.0,-1.380348491403053,-0.02421056711601466,-1.3561379242870384,5.004748881465293e-05,-0.0018000000000000002,-0.004499999999999997,0.03639999999999999,0.0,4.0,0.16669999999999963,5,2026-09-12
Cambridge,E2,6,11.0,3.412217783250812,-1.3972796768252511,4.809497460076063,-0.18380387052093078,0.0034,0.029175,0.219,41.0,15.0,7.0,4,5,8.0,1.7951210349691191,-0.7799496355350515,2.5750706705041706,-0.1764606726009934,0.002,0.021225,0.2812,51.0,17.0,4.3333,7,1,3.0,1.6170967482816927,-0.6173300412901996,2.2344267895718923,-0.007343197919937372,0.0013999999999999998,0.007949999999999999,-0.062200000000000005,-10.0,-2.0,2.6666999999999996,-3,2026-09-12
Burton,E2,6,8.0,0.6967551998383161,-0.5450820298181682,1.2418372296564844,-0.20048278058146735,0.0012,0.012775,0.3489,101.0,34.0,2.75,11,5,8.0,1.7321566934902446,-0.1847668115898191,1.916923505080064,-0.1964338653868804,0.0017,0.019275,0.3011,151.0,34.0,2.25,6,1,0.0,-1.0354014936519285,-0.3603152182283491,-0.6750862754235796,-0.004048915194586944,-0.0005,-0.006500000000000001,0.04780000000000001,-50.0,0.0,0.5,5,2026-09-12
AFC Wimbledon,E2,6,10.0,2.7649151977117548,-1.0210389757680787,3.7859541734798334,-0.2614189284073902,0.0005,0.0103,0.3781,101.0,51.0,2.75,7,5,7.0,1.108967469636501,-0.4077941561619171,1.5167616257984182,-0.2518867351928491,0.0005,0.0091749999999999,0.4416,151.0,41.0,2.2,16,1,3.0,1.6559477280752537,-0.6132448196061615,2.269192547681415,-0.00953219321454113,0.0,0.0011250000000000999,-0.0635,-50.0,10.0,0.5499999999999998,-9,2026-09-12
Bromley,E2,6,5.0,-1.9012581082759086,-1.970206608415852,0.06894850013994347,-0.325663707223368,0.0,0.0014249999999999998,0.7088,251.0,67.0,1.7273,22,5,4.0,-1.9696343310585096,-2.1546589158928278,0.1850245848343177,-0.3286841282140493,0.0001,0.001025,0.7118,151.0,34.0,2.625,21,1,1.0,0.06837622278260103,0.18445230747697572,-0.11607608469437422,0.003020420990681283,-0.0001,0.00039999999999999975,-0.0030000000000000027,100.0,33.0,-0.8976999999999999,1,2026-09-12
Salford,E3,6,7.0,-2.8256929291394446,-2.5738936050320174,-0.2517993241074272,0.28387958117480055,0.1448,0.444825,0.0021,8.0,2.1,101.0,15,5,6.0,-2.3774448600067704,-2.079818921887269,-0.2976259381195012,0.2912910204880723,0.1628,0.47825,0.0027,8.0,2.2,81.0,15,1,1.0,-0.44824806913267423,-0.49407468314474823,0.045826614012073996,-0.0074114393132717615,-0.017999999999999988,-0.03342499999999998,-0.0006000000000000003,0.0,-0.10000000000000009,20.0,0,2026-09-12
Bristol Rovers,E3,6,12.0,2.714059637552346,1.446945273764575,1.2671143637877709,0.22066901436357103,0.2157,0.548725,0.0013,6.0,2.0,101.0,2,5,12.0,3.9672926540608255,2.138060640663195,1.8292320133976308,0.2261722215179556,0.2737,0.616625,0.0003,6.0,2.0,81.0,1,1,0.0,-1.2532330165084797,-0.6911153668986199,-0.5621176496098599,-0.005503207154384571,-0.057999999999999996,-0.06789999999999996,0.001,0.0,0.0,20.0,1,2026-09-12
Barnet,E3,6,12.0,2.8668603079632327,0.38420329154963895,2.4826570164135937,0.15939735677519695,0.1435,0.443125,0.0029,6.0,2.0,101.0,1,5,9.0,1.7021128216193313,0.0682881868681457,1.6338246347511856,0.1557073162968763,0.1146,0.3995499999999999,0.0037,7.0,2.2,81.0,3,1,3.0,1.1647474863439014,0.31591510468149325,0.8488323816624082,0.0036900404783206386,0.028899999999999995,0.043575000000000086,-0.0008000000000000004,-1.0,-0.20000000000000018,20.0,-2,2026-09-12
Grimsby,E3,6,10.0,0.805565007462711,0.4814154022719812,0.3241496051907298,0.13392987974252965,0.0807,0.32435,0.0043,11.0,2.875,51.0,6,5,7.0,-0.7347940705957585,-0.07402557888624,-0.6607684917095185,0.1279080340919859,0.0612,0.2704,0.0129,13.0,3.5,41.0,11,1,3.0,1.5403590780584695,0.5554409811582213,0.9849180969002482,0.006021845650543756,0.019499999999999997,0.05395000000000005,-0.0086,-2.0,-0.625,10.0,-5,2026-09-12
Port Vale,E3,6,5.0,-3.6769541162566046,-0.014025114185884036,-3.6629290020707206,0.1255225830917917,0.0285,0.166875,0.0246,21.0,5.5,23.0,22,5,2.0,-4.962747509588587,-0.4039187790693717,-4.558828730519215,0.1209231687584334,0.0207,0.13665,0.0413,21.0,5.5,13.0,24,1,3.0,1.285793393331982,0.38989366488348765,0.8958997284484944,0.004599414333358309,0.007800000000000001,0.030225000000000002,-0.016700000000000003,0.0,0.0,10.0,-2,2026-09-12
Chesterfield,E3,6,8.0,-0.3610269850090777,2.030766465350803,-2.391793450359881,0.144981122007253,0.0689,0.286625,0.0075,15.0,4.0,41.0,12,5,5.0,-2.106339541163817,1.0740582385913475,-3.180397779755165,0.1318344839103123,0.0447,0.2231749999999999,0.019,17.0,4.3333,26.0,17,1,3.0,1.7453125561547393,0.9567082267594555,0.7886043293952842,0.013146638096940694,0.024200000000000006,0.06345000000000012,-0.0115,-2.0,-0.3333000000000004,15.0,-5,2026-09-12
York,E3,6,11.0,2.3033275072848376,2.653936251349723,-0.3506087440648855,0.13609228761937975,0.0998,0.37072499999999997,0.0048,6.5,2.0,101.0,3,5,8.0,0.8759727108298918,1.7055143502234775,-0.8295416393935859,0.1211188326517478,0.0734,0.3021,0.0093,10.0,2.5,67.0,9,1,3.0,1.4273547964549458,0.9484219011262456,0.4789328953287004,0.014973454967631944,0.026399999999999993,0.06862499999999999,-0.0045,-3.5,-0.5,34.0,-6,2026-09-12
Oldham,E3,6,7.0,-1.4199275680260879,-0.05156272306081178,-1.368364844965276,0.06356471540250538,0.0224,0.1447,0.0309,17.0,4.5,29.0,14,5,7.0,0.0382250760999651,0.8342674914673873,-0.7960424153674222,0.0769802830386101,0.0377,0.195175,0.0196,13.0,3.5,41.0,10,1,0.0,-1.458152644126053,-0.8858302145281991,-0.572322429597854,-0.013415567636104714,-0.015299999999999998,-0.05047499999999999,0.011300000000000001,4.0,1.0,-12.0,4,2026-09-12
Rotherham,E3,6,6.0,-2.01211308734554,2.2811788418658523,-4.293291929211392,0.07843044492801761,0.0237,0.150725,0.0295,51.0,11.0,9.0,16,5,5.0,-1.7477340749829633,1.710094066529768,-3.4578281415127314,0.0704189330389443,0.025,0.1541,0.0294,34.0,8.0,11.0,18,1,1.0,-0.26437901236257666,0.5710847753360844,-0.8354637876986608,0.008011511889073314,-0.0013000000000000025,-0.003374999999999989,9.99999999999994e-05,17.0,3.0,-2.0,-2,2026-09-12
Swindon,E3,6,10.0,1.7919664063502054,-2.8196002503726385,4.611566656722844,-0.01970444231614231,0.0253,0.151625,0.0293,29.0,7.0,21.0,9,5,10.0,2.9361562805869434,-2.011010275376212,4.947166555963156,-0.0046759768512437,0.0399,0.19255,0.0206,17.0,5.0,17.0,2,1,0.0,-1.144189874236738,-0.8085899749964267,-0.33559989924031175,-0.01502846546489861,-0.014599999999999998,-0.04092499999999999,0.0087,12.0,2.0,4.0,7,2026-09-12
Walsall,E3,6,10.0,1.5426121679947258,1.7572295132600324,-0.21461734526530662,0.045101359588136665,0.0416,0.20709999999999998,0.0149,26.0,5.5,26.0,5,5,9.0,2.1215037126738654,0.9868038566959793,1.1346998559778865,0.0353657109114544,0.0427,0.213975,0.018,21.0,5.0,21.0,5,1,1.0,-0.5788915446791396,0.7704256565640532,-1.349317201243193,0.009735648676682265,-0.0011000000000000038,-0.00687500000000002,-0.0030999999999999986,5.0,0.5,5.0,0,2026-09-12
Gillingham,E3,6,9.0,0.6366046464938613,-0.13446258350553286,0.7710672299993941,0.012768651501837204,0.0244,0.13927499999999998,0.0314,51.0,13.0,9.0,11,5,6.0,-0.7343158069513969,-0.0938591280727969,-0.6404566788785999,0.0134978970713423,0.0158,0.1159,0.0468,51.0,15.0,6.0,13,1,3.0,1.3709204534452581,-0.04060345543273597,1.411523908877994,-0.0007292455695050958,0.0086,0.02337499999999998,-0.015400000000000004,0.0,-2.0,3.0,-2,2026-09-12
Colchester,E3,6,8.0,-0.18194446443569134,-0.02771098493823132,-0.15423347949746002,0.002900190197919629,0.0176,0.113775,0.0398,26.0,5.5,26.0,13,5,7.0,0.3493331529841939,-0.1165776917937799,0.4659108447779738,0.0023467992786696,0.0197,0.13145,0.0393,26.0,5.5,21.0,12,1,1.0,-0.5312776174198852,0.08886670685554858,-0.6201443242754339,0.0005533909192500289,-0.0020999999999999977,-0.01767500000000001,0.0005000000000000004,0.0,0.0,5.0,1,2026-09-12
Northampton,E3,6,6.0,-2.598202354851928,-1.8732433926487104,-0.7249589622032175,-0.025900104259801878,0.0067,0.0596,0.0767,51.0,11.0,11.0,17,5,6.0,-1.2885317642359275,-1.4926769216607294,0.2041451574248016,-0.022843932333355,0.0088,0.079175,0.0666,34.0,9.0,15.0,14,1,0.0,-1.3096705906160004,-0.380566470987981,-0.9291041196280192,-0.0030561719264468774,-0.0021000000000000003,-0.019574999999999995,0.010099999999999998,17.0,2.0,-4.0,3,2026-09-12
Crewe,E3,6,10.0,2.0336175789810715,0.21906634619243004,1.8145512327886415,-0.011854173263095744,0.0253,0.14775,0.0267,26.0,5.5,26.0,8,5,9.0,2.2174084744050964,0.3227183951619388,1.8946900792431576,-0.0109200593556736,0.0256,0.1584499999999999,0.027,26.0,5.0,26.0,7,1,1.0,-0.18379089542402482,-0.10365204896950875,-0.08013884645451608,-0.0009341139074221447,-0.00030000000000000165,-0.010699999999999904,-0.0002999999999999982,0.0,0.5,0.0,1,2026-09-12
Rochdale,E3,6,4.0,-4.319017908368261,-3.295874045596932,-1.0231438627713292,-0.09507702264226263,0.0017,0.023025,0.1827,101.0,21.0,5.0,24,5,3.0,-4.18077618528649,-2.598185910944649,-1.5825902743418403,-0.0853207007083631,0.0022,0.02485,0.1853,41.0,13.0,9.0,22,1,1.0,-0.13824172308177118,-0.697688134652283,0.5594464115705111,-0.009756321933899526,-0.0005000000000000002,-0.0018250000000000002,-0.002599999999999991,60.0,8.0,-4.0,2,2026-09-12
Exeter,E3,6,5.0,-2.3594800980131936,0.8637762743229978,-3.2232563723361913,-0.07915272113988217,0.0034,0.037125,0.1299,67.0,19.0,6.0,20,5,5.0,-1.348095972631766,1.2498834498464122,-2.5979794224781783,-0.0745210799589985,0.0055,0.04975,0.11,41.0,17.0,6.0,16,1,0.0,-1.0113841253814275,-0.38610717552341445,-0.6252769498580131,-0.004631641180883675,-0.0021,-0.012625000000000004,0.019899999999999987,26.0,2.0,0.0,4,2026-09-12
Fleetwood,E3,6,10.0,2.345229702252346,-1.1697855513849529,3.5150152536372987,-0.12323261125112998,0.0069,0.066575,0.0696,34.0,9.0,15.0,7,5,9.0,2.712251611943435,-0.648692322797233,3.360943934740668,-0.1153339579352126,0.0105,0.0816,0.0679,41.0,11.0,9.0,6,1,1.0,-0.36702190969108894,-0.5210932285877199,0.1540713188966305,-0.007898653315917381,-0.0036000000000000008,-0.01502500000000001,0.0016999999999999932,-7.0,-2.0,6.0,1,2026-09-12
Tranmere,E3,6,9.0,1.3055179621371673,-1.5542243177121753,2.8597422798493426,-0.13207722457773768,0.0055,0.05055,0.0953,41.0,13.0,11.0,10,5,9.0,2.3962647576317986,-1.592513941172947,3.9887786988047456,-0.1329735749915667,0.0067,0.063975,0.0798,51.0,13.0,9.0,4,1,0.0,-1.0907467954946313,0.03828962346077169,-1.129036418955403,0.0008963504138290168,-0.0012000000000000005,-0.013425000000000006,0.0155,-10.0,0.0,2.0,6,2026-09-12
Shrewsbury,E3,6,6.0,-1.3024378951342594,1.5656032394237709,-2.8680411345580303,-0.10064489560941034,0.0037,0.035675,0.1332,101.0,26.0,5.0,18,5,3.0,-2.9001894418430094,1.2883839254139655,-4.188573367256975,-0.1032149676409865,0.0023,0.02725,0.1761,101.0,21.0,4.5,23,1,3.0,1.59775154670875,0.2772193140098054,1.3205322326989446,0.002570072031576165,0.0014000000000000002,0.008424999999999998,-0.042899999999999994,0.0,5.0,0.5,-5,2026-09-12
Crawley,E3,6,4.0,-3.6283943130126604,-0.020091802364611056,-3.6083025106480493,-0.14794398124957486,0.0014,0.01475,0.2614,201.0,41.0,3.0,23,5,4.0,-2.0747445991469977,0.4119075249549162,-2.486652124101914,-0.1408027147852543,0.0018,0.02595,0.2104,101.0,26.0,4.0,21,1,0.0,-1.5536497138656626,-0.4319993273195273,-1.1216503865461354,-0.0071412664643205614,-0.00039999999999999996,-0.011200000000000002,0.05100000000000002,100.0,15.0,-1.0,2,2026-09-12
Cheltenham,E3,6,11.0,4.135384273604491,0.03040270344414342,4.104981570160348,-0.1890215448313872,0.0071,0.054,0.0874,51.0,13.0,13.0,4,5,8.0,2.2977134282502263,-0.4604985192845463,2.7582119475347726,-0.19617862758367,0.0029,0.036,0.1412,41.0,13.0,9.0,8,1,3.0,1.837670845354265,0.49090122272868975,1.3467696226255752,0.007157082752282801,0.004200000000000001,0.018000000000000002,-0.05379999999999999,10.0,0.0,4.0,-4,2026-09-12
Accrington,E3,6,5.0,-2.0045133729728484,0.4427358050040464,-2.447249177976895,-0.1971839248124933,0.0011,0.01365,0.288,151.0,34.0,3.75,21,5,5.0,-1.10342670631018,0.7532246733989272,-1.856651379709107,-0.1936319738327034,0.0016,0.01735,0.251,101.0,34.0,3.5,19,1,0.0,-0.9010866666626685,-0.31048886839488077,-0.5905977982677877,-0.003551950979789914,-0.0005,-0.0037,0.03699999999999998,50.0,0.0,0.25,2,2026-09-12
Newport,E3,6,5.0,-1.4708826291965975,1.097530470636932,-2.5684130998335295,-0.2854445404400212,0.0003,0.00485,0.4258,251.0,51.0,2.75,19,5,4.0,-1.1262118684142894,0.520988469361388,-1.6472003377756774,-0.2931471350773771,0.0002,0.00575,0.4218,201.0,34.0,3.25,20,1,1.0,-0.34467076078230807,0.576542001275544,-0.9212127620578521,0.007702594637355897,9.999999999999996e-05,-0.0008999999999999998,0.0040000000000000036,50.0,17.0,-0.5,-1,2026-09-12
